Time,MouthOpen,Frowning,NoddingUp,NoddingDown,Throttle,Brake,Steer,Gear
16:32:30,False,False,False,False,0.0,0.0,0.0,1
16:32:31,False,False,False,False,0.0,0.0,0.0,1
16:32:31,False,False,False,False,0.0,0.0,0.0,1
16:32:31,False,False,False,False,0.0,0.0,0.0,1
16:32:31,False,False,False,False,0.0,0.0,0.0,1
16:32:31,False,False,False,False,0.0,0.0,0.0,1
16:32:31,False,False,False,False,0.0,0.0,0.0,1
16:32:31,False,False,False,False,0.0,0.0,0.0,1
16:32:31,False,False,False,False,0.0,0.0,0.0,1
16:32:31,False,False,False,False,0.0,0.0,0.0,1
16:32:31,False,False,False,False,0.0,0.0,0.0,1
16:32:31,False,False,False,False,0.0,0.0,0.0,1
16:32:31,False,False,False,False,0.0,0.0,0.0,1
16:32:31,False,False,False,False,0.0,0.0,0.0,1
16:32:32,False,False,False,False,0.0,0.0,0.0,1
16:32:32,False,False,False,False,0.0,0.0,0.0,1
16:32:32,False,False,False,False,0.0,0.0,0.0,1
16:32:32,False,False,False,False,0.0,0.0,0.0,1
16:32:32,False,False,False,False,0.0,0.0,0.0,1
16:32:32,False,False,False,False,0.0,0.0,0.0,1
16:32:32,False,False,False,False,0.0,0.0,0.0,1
16:32:32,False,False,False,False,0.0,0.0,0.0,1
16:32:32,False,False,False,False,0.0,0.0,0.0,1
16:32:32,False,False,False,False,0.0,0.0,0.0,1
16:32:32,False,False,False,False,0.0,0.0,0.0,1
16:32:32,False,False,False,False,0.0,0.0,0.0,1
16:32:32,False,False,False,False,0.0,0.0,0.0,1
16:32:32,False,False,False,False,0.0,0.0,0.0,1
16:32:33,False,False,False,False,0.0,0.0,0.0,1
16:32:33,False,False,False,False,0.0,0.0,0.0,1
16:32:33,False,False,False,False,0.0,0.0,0.0,1
16:32:33,False,False,False,False,0.0,0.0,0.0,1
16:32:33,False,False,False,False,0.0,0.0,0.0,1
16:32:33,False,False,False,False,0.0,0.0,0.0,1
16:32:33,False,False,False,False,0.0,0.0,0.0,1
16:32:33,False,False,False,False,0.0,0.0,0.0,1
16:32:33,False,False,False,False,0.0,0.0,0.0,1
16:32:33,False,False,False,False,0.0,0.0,0.0,1
16:32:33,False,False,False,False,0.0,0.0,0.0,1
16:32:33,False,False,False,False,0.0,0.0,0.0,1
16:32:33,False,False,False,False,0.0,0.0,0.0,1
16:32:33,False,False,False,False,0.0,0.0,0.0,1
16:32:33,False,False,False,False,0.0,0.0,0.0,1
16:32:33,False,False,False,False,0.0,0.0,0.0,1
16:32:33,False,False,False,False,0.0,0.0,0.0,1
16:32:33,False,False,False,False,0.0,0.0,0.0,1
16:32:34,False,False,False,False,0.0,0.0,0.0,1
16:32:34,False,False,False,False,0.0,0.0,0.0,1
16:32:34,False,False,False,False,0.0,0.0,0.0,1
16:32:34,False,False,False,False,0.0,0.0,0.0,1
16:32:34,False,False,False,False,0.0,0.0,0.0,1
16:32:34,False,False,False,False,0.0,0.0,0.0,1
16:32:34,False,False,False,False,0.0,0.0,0.0,1
16:32:34,False,False,False,False,0.0,0.0,0.0,1
16:32:34,False,False,False,False,0.0,0.0,0.0,1
16:32:34,False,False,False,False,0.0,0.0,0.0,1
16:32:34,False,False,False,False,0.0,0.0,0.0,1
16:32:34,False,False,False,False,0.0,0.0,0.0,1
16:32:34,False,False,False,False,0.0,0.0,0.0,1
16:32:34,False,False,False,False,0.0,0.0,0.0,1
16:32:34,False,False,False,False,0.0,0.0,0.0,1
16:32:34,False,False,False,False,0.0,0.0,0.0,1
16:32:35,False,False,False,False,0.0,0.0,0.0,1
16:32:35,False,False,False,False,0.0,0.0,0.0,1
16:32:35,False,False,False,False,0.0,0.0,0.0,1
16:32:35,False,False,False,False,0.0,0.0,0.0,1
16:32:35,False,False,False,False,0.0,0.0,0.0,1
16:32:35,False,False,False,False,0.0,0.0,0.0,1
16:32:35,False,False,False,False,0.0,0.0,0.0,1
16:32:35,False,False,False,False,0.0,0.0,0.0,1
16:32:35,False,False,False,False,0.0,0.0,0.0,1
16:32:35,False,False,False,False,0.0,0.0,0.0,1
16:32:35,False,False,False,False,0.0,0.0,0.0,1
16:32:35,False,False,False,False,0.0,0.0,0.0,1
16:32:35,False,False,False,False,0.0,0.0,0.0,1
16:32:35,False,False,False,False,0.0,0.0,0.0,1
16:32:35,False,False,False,False,0.0,0.0,0.0,1
16:32:35,False,False,False,False,0.0,0.0,0.0,1
16:32:35,False,False,False,False,0.0,0.0,0.0,1
16:32:35,False,False,False,False,0.0,0.0,0.0,1
16:32:36,False,False,False,False,0.0,0.0,0.0,1
16:32:36,False,False,False,False,0.0,0.0,0.0,1
16:32:36,False,False,False,False,0.0,0.0,0.0,1
16:32:36,False,False,False,False,0.0,0.0,0.0,1
16:32:36,False,False,False,False,0.0,0.0,0.0,1
16:32:36,False,False,False,False,0.0,0.0,0.0,1
16:32:36,True,False,False,False,0.6000000238418579,0.0,0.0,1
16:32:36,True,False,False,False,0.6000000238418579,0.0,0.0,1
16:32:36,True,False,False,False,0.6000000238418579,0.0,0.0,1
16:32:36,True,False,False,False,0.6000000238418579,0.0,0.0,1
16:32:36,True,False,False,False,0.6000000238418579,0.0,0.0,1
16:32:36,True,False,False,False,0.6000000238418579,0.0,0.0,1
16:32:36,True,False,False,False,0.6000000238418579,0.0,0.0,1
16:32:36,True,False,False,False,0.6000000238418579,0.0,0.0,1
16:32:36,True,False,False,False,0.6000000238418579,0.0,0.0,1
16:32:36,True,False,False,False,0.6000000238418579,0.0,0.0,1
16:32:36,True,False,False,False,0.6000000238418579,0.0,0.0,1
16:32:37,True,False,False,False,0.6000000238418579,0.0,0.0,1
16:32:37,True,False,False,False,0.6000000238418579,0.0,0.0,1
16:32:37,True,False,False,False,0.6000000238418579,0.0,0.0,1
16:32:37,True,False,False,False,0.6000000238418579,0.0,0.0,1
16:32:37,True,False,False,False,0.6000000238418579,0.0,0.0,1
16:32:37,True,False,False,False,0.6000000238418579,0.0,0.0,1
16:32:37,True,False,False,False,0.6000000238418579,0.0,0.0,1
16:32:37,True,False,False,False,0.6000000238418579,0.0,0.0,1
16:32:37,True,False,False,False,0.6000000238418579,0.0,0.0,1
16:32:37,True,False,False,False,0.6000000238418579,0.0,0.0,1
16:32:37,True,False,False,False,0.6000000238418579,0.0,0.0,1
16:32:37,True,False,False,False,0.6000000238418579,0.0,0.0,1
16:32:37,True,False,False,False,0.6000000238418579,0.0,0.0,1
16:32:37,True,False,False,False,0.6000000238418579,0.0,0.0,1
16:32:38,True,False,False,False,0.6000000238418579,0.0,0.0,1
16:32:38,True,False,False,False,0.6000000238418579,0.0,0.0,1
16:32:38,True,False,False,False,0.6000000238418579,0.0,0.0,1
16:32:38,True,False,False,False,0.6000000238418579,0.0,0.0,1
16:32:38,True,False,False,False,0.6000000238418579,0.0,0.0,1
16:32:38,True,False,False,False,0.6000000238418579,0.0,0.0,1
16:32:38,True,False,False,False,0.6000000238418579,0.0,0.0,1
16:32:38,True,False,False,False,0.6000000238418579,0.0,0.0,1
16:32:38,True,False,False,False,0.6000000238418579,0.0,0.0,1
16:32:38,True,False,False,False,0.6000000238418579,0.0,0.0,1
16:32:38,True,False,False,False,0.6000000238418579,0.0,0.0,1
16:32:38,True,False,False,False,0.6000000238418579,0.0,0.0,1
16:32:38,True,False,False,False,0.6000000238418579,0.0,0.0,1
16:32:38,True,False,False,False,0.6000000238418579,0.0,0.0,1
16:32:39,True,False,False,False,0.6000000238418579,0.0,0.0,1
16:32:39,True,False,False,False,0.6000000238418579,0.0,0.0,1
16:32:39,True,False,False,False,0.6000000238418579,0.0,0.0,1
16:32:39,True,False,False,False,0.6000000238418579,0.0,0.0,1
16:32:39,True,False,False,False,0.6000000238418579,0.0,0.0,1
16:32:39,True,False,False,False,0.6000000238418579,0.0,0.0,1
16:32:39,True,False,False,False,0.6000000238418579,0.0,0.0,1
16:32:39,True,False,False,False,0.6000000238418579,0.0,0.0,1
16:32:39,True,False,False,False,0.6000000238418579,0.0,0.0,1
16:32:39,True,False,False,False,0.6000000238418579,0.0,0.0,1
16:32:39,True,False,True,False,0.6000000238418579,0.0,0.0,2
16:32:39,True,False,True,False,0.6000000238418579,0.0,0.0,2
16:32:39,True,False,True,False,0.6000000238418579,0.0,0.0,2
16:32:39,True,False,True,False,0.6000000238418579,0.0,0.0,2
16:32:39,True,False,True,False,0.6000000238418579,0.0,0.0,2
16:32:40,True,False,True,False,0.6000000238418579,0.0,0.0,2
16:32:40,True,False,True,False,0.6000000238418579,0.0,0.0,2
16:32:40,True,False,True,False,0.6000000238418579,0.0,0.0,2
16:32:40,True,False,True,False,0.6000000238418579,0.0,0.0,2
16:32:40,True,False,True,False,0.6000000238418579,0.0,0.0,2
16:32:40,True,False,True,False,0.6000000238418579,0.0,0.0,2
16:32:40,True,False,True,False,0.6000000238418579,0.0,0.0,2
16:32:40,True,False,True,False,0.6000000238418579,0.0,0.0,2
16:32:40,True,False,True,False,0.6000000238418579,0.0,0.0,2
16:32:40,True,False,True,False,0.6000000238418579,0.0,0.0,2
16:32:40,True,False,True,False,0.6000000238418579,0.0,0.0,2
16:32:40,True,False,True,False,0.6000000238418579,0.0,0.0,2
16:32:40,True,False,True,False,0.6000000238418579,0.0,0.0,2
16:32:40,True,False,True,False,0.6000000238418579,0.0,0.0,2
16:32:41,True,False,True,False,0.6000000238418579,0.0,0.0,2
16:32:41,True,False,True,False,0.6000000238418579,0.0,0.0,2
16:32:41,True,False,True,False,0.6000000238418579,0.0,0.0,2
16:32:41,True,False,True,False,0.6000000238418579,0.0,0.0,2
16:32:41,True,False,True,False,0.6000000238418579,0.0,0.0,2
16:32:41,True,False,True,False,0.6000000238418579,0.0,0.0,2
16:32:41,True,False,True,False,0.6000000238418579,0.0,0.0,2
16:32:41,True,False,True,False,0.6000000238418579,0.0,0.0,2
16:32:41,True,False,True,False,0.6000000238418579,0.0,0.0,2
16:32:41,True,False,True,False,0.6000000238418579,0.0,0.0,2
16:32:41,True,False,True,False,0.6000000238418579,0.0,0.0,2
16:32:41,True,False,True,False,0.6000000238418579,0.0,0.0,2
16:32:41,True,False,True,False,0.6000000238418579,0.0,0.0,2
16:32:41,True,False,True,False,0.6000000238418579,0.0,0.0,2
16:32:41,True,False,True,False,0.6000000238418579,0.0,0.0,2
16:32:42,True,False,True,False,0.6000000238418579,0.0,0.0,2
16:32:42,True,False,True,False,0.6000000238418579,0.0,-0.10000000149011612,2
16:32:42,True,False,True,False,0.6000000238418579,0.0,-0.10000000149011612,2
16:32:42,True,False,True,False,0.6000000238418579,0.0,-0.10000000149011612,2
16:32:42,True,False,True,False,0.6000000238418579,0.0,-0.10000000149011612,2
16:32:42,True,False,True,False,0.6000000238418579,0.0,-0.10000000149011612,2
16:32:42,True,False,True,False,0.6000000238418579,0.0,-0.10000000149011612,2
16:32:42,True,False,True,False,0.6000000238418579,0.0,-0.10000000149011612,2
16:32:42,True,False,True,False,0.6000000238418579,0.0,-0.10000000149011612,2
16:32:42,True,False,True,False,0.6000000238418579,0.0,-0.10000000149011612,2
16:32:42,True,False,True,False,0.6000000238418579,0.0,-0.10000000149011612,2
16:32:42,True,False,True,False,0.6000000238418579,0.0,-0.10000000149011612,2
16:32:42,True,False,True,False,0.6000000238418579,0.0,0.0,2
16:32:42,True,False,True,False,0.6000000238418579,0.0,0.0,2
16:32:42,True,False,True,False,0.6000000238418579,0.0,-0.10000000149011612,2
16:32:43,True,False,True,False,0.6000000238418579,0.0,-0.10000000149011612,2
16:32:43,True,False,True,False,0.6000000238418579,0.0,-0.10000000149011612,2
16:32:43,True,False,True,False,0.6000000238418579,0.0,-0.10000000149011612,2
16:32:43,True,False,True,False,0.6000000238418579,0.0,-0.10000000149011612,2
16:32:43,True,False,True,False,0.6000000238418579,0.0,-0.10000000149011612,2
16:32:43,True,False,True,False,0.6000000238418579,0.0,0.0,2
16:32:43,True,False,True,False,0.6000000238418579,0.0,0.0,2
16:32:43,True,False,True,False,0.6000000238418579,0.0,0.0,2
16:32:43,True,False,True,False,0.6000000238418579,0.0,0.0,2
16:32:43,True,False,True,False,0.6000000238418579,0.0,0.0,2
16:32:43,True,False,True,False,0.6000000238418579,0.0,0.0,2
16:32:43,True,False,True,False,0.6000000238418579,0.0,0.0,2
16:32:43,True,False,True,False,0.6000000238418579,0.0,0.0,2
16:32:43,True,False,True,False,0.6000000238418579,0.0,0.0,2
16:32:43,True,False,True,False,0.6000000238418579,0.0,0.0,2
16:32:44,True,False,True,False,0.6000000238418579,0.0,0.0,2
16:32:44,True,False,True,False,0.6000000238418579,0.0,0.0,2
16:32:44,True,False,True,False,0.6000000238418579,0.0,0.0,2
16:32:44,True,False,True,False,0.6000000238418579,0.0,0.0,2
16:32:44,True,False,True,False,0.6000000238418579,0.0,0.0,2
16:32:44,True,False,True,False,0.6000000238418579,0.0,0.0,2
16:32:44,True,False,True,False,0.6000000238418579,0.0,0.0,2
16:32:44,True,False,True,False,0.6000000238418579,0.0,0.0,2
16:32:44,True,False,True,False,0.6000000238418579,0.0,0.0,2
16:32:44,True,False,True,False,0.6000000238418579,0.0,-0.10000000149011612,2
16:32:44,True,False,True,False,0.6000000238418579,0.0,-0.10000000149011612,2
16:32:44,True,False,True,False,0.6000000238418579,0.0,-0.10000000149011612,2
16:32:44,True,False,True,False,0.6000000238418579,0.0,-0.10000000149011612,2
16:32:44,True,False,True,False,0.6000000238418579,0.0,-0.30000001192092896,2
16:32:45,True,False,True,False,0.6000000238418579,0.0,-0.30000001192092896,2
16:32:45,True,False,True,False,0.6000000238418579,0.0,-0.30000001192092896,2
16:32:45,True,False,True,False,0.6000000238418579,0.0,-0.30000001192092896,2
16:32:45,True,False,True,False,0.6000000238418579,0.0,-0.30000001192092896,2
16:32:45,True,False,True,False,0.6000000238418579,0.0,-0.30000001192092896,2
16:32:45,True,False,True,False,0.6000000238418579,0.0,-0.30000001192092896,2
16:32:45,True,False,True,False,0.6000000238418579,0.0,-0.30000001192092896,2
16:32:45,True,False,True,False,0.6000000238418579,0.0,-0.30000001192092896,2
16:32:45,True,False,True,False,0.6000000238418579,0.0,-0.30000001192092896,2
16:32:45,True,False,True,False,0.6000000238418579,0.0,-0.30000001192092896,2
16:32:45,True,False,True,False,0.6000000238418579,0.0,-0.30000001192092896,2
16:32:45,True,False,True,False,0.6000000238418579,0.0,0.0,2
16:32:45,True,False,True,False,0.6000000238418579,0.0,-0.10000000149011612,2
16:32:45,True,False,True,False,0.6000000238418579,0.0,-0.10000000149011612,2
16:32:45,True,False,True,False,0.6000000238418579,0.0,-0.10000000149011612,2
16:32:45,True,False,True,False,0.6000000238418579,0.0,-0.10000000149011612,2
16:32:46,True,False,True,False,0.6000000238418579,0.0,-0.10000000149011612,2
16:32:46,True,False,True,False,0.6000000238418579,0.0,-0.10000000149011612,2
16:32:46,True,False,True,False,0.6000000238418579,0.0,0.0,2
16:32:46,True,False,True,False,0.6000000238418579,0.0,0.0,2
16:32:46,True,False,True,False,0.6000000238418579,0.0,0.0,2
16:32:46,True,False,True,False,0.6000000238418579,0.0,0.0,2
16:32:46,True,False,True,False,0.6000000238418579,0.0,0.10000000149011612,2
16:32:46,True,False,True,False,0.6000000238418579,0.0,0.10000000149011612,2
16:32:46,True,False,True,False,0.6000000238418579,0.0,0.0,2
16:32:46,True,False,True,False,0.6000000238418579,0.0,0.30000001192092896,2
16:32:46,True,False,True,False,0.6000000238418579,0.0,0.30000001192092896,2
16:32:46,True,False,True,False,0.6000000238418579,0.0,0.0,2
16:32:46,True,False,True,False,0.6000000238418579,0.0,0.10000000149011612,2
16:32:46,True,False,True,False,0.6000000238418579,0.0,0.10000000149011612,2
16:32:47,True,False,True,False,0.6000000238418579,0.0,0.10000000149011612,2
16:32:47,True,False,True,False,0.6000000238418579,0.0,0.0,2
16:32:47,True,False,True,False,0.6000000238418579,0.0,0.0,2
16:32:47,True,False,True,False,0.6000000238418579,0.0,0.0,2
16:32:47,True,False,True,False,0.6000000238418579,0.0,0.0,2
16:32:47,True,False,True,False,0.6000000238418579,0.0,0.10000000149011612,2
16:32:47,True,False,True,False,0.6000000238418579,0.0,0.10000000149011612,2
16:32:47,True,False,True,False,0.6000000238418579,0.0,0.10000000149011612,2
16:32:47,True,False,True,False,0.6000000238418579,0.0,0.10000000149011612,2
16:32:47,True,False,True,False,0.6000000238418579,0.0,0.10000000149011612,2
16:32:47,True,False,True,False,0.6000000238418579,0.0,0.10000000149011612,2
16:32:47,True,False,True,False,0.6000000238418579,0.0,0.10000000149011612,2
16:32:47,True,False,True,False,0.6000000238418579,0.0,0.10000000149011612,2
16:32:47,True,False,True,False,0.6000000238418579,0.0,0.10000000149011612,2
16:32:47,True,False,True,False,0.6000000238418579,0.0,0.30000001192092896,2
16:32:47,True,False,True,False,0.6000000238418579,0.0,0.30000001192092896,2
16:32:48,True,False,True,False,0.6000000238418579,0.0,0.30000001192092896,2
16:32:48,True,False,True,False,0.6000000238418579,0.0,0.30000001192092896,2
16:32:48,True,False,True,False,0.6000000238418579,0.0,0.30000001192092896,2
16:32:48,True,False,True,False,0.6000000238418579,0.0,0.30000001192092896,2
16:32:48,True,False,True,False,0.6000000238418579,0.0,0.10000000149011612,2
16:32:48,True,False,True,False,0.6000000238418579,0.0,0.10000000149011612,2
16:32:48,True,False,True,False,0.6000000238418579,0.0,0.10000000149011612,2
16:32:48,True,False,True,False,0.6000000238418579,0.0,0.0,2
16:32:48,True,False,True,False,0.6000000238418579,0.0,0.0,2
16:32:48,True,False,True,False,0.6000000238418579,0.0,0.0,2
16:32:48,True,False,True,False,0.6000000238418579,0.0,0.0,2
16:32:48,True,False,True,False,0.6000000238418579,0.0,0.0,2
16:32:48,True,False,True,False,0.6000000238418579,0.0,0.0,2
16:32:48,True,False,True,False,0.6000000238418579,0.0,0.0,2
16:32:48,True,False,True,False,0.6000000238418579,0.0,0.0,2
16:32:48,True,False,True,False,0.6000000238418579,0.0,0.0,2
16:32:49,True,False,True,False,0.6000000238418579,0.0,-0.10000000149011612,2
16:32:49,True,False,True,False,0.6000000238418579,0.0,-0.30000001192092896,2
16:32:49,True,False,True,False,0.6000000238418579,0.0,-0.30000001192092896,2
16:32:49,True,False,True,False,0.6000000238418579,0.0,-0.30000001192092896,2
16:32:49,True,False,True,False,0.6000000238418579,0.0,-0.30000001192092896,2
16:32:49,True,False,True,False,0.6000000238418579,0.0,-0.30000001192092896,2
16:32:49,True,False,True,False,0.6000000238418579,0.0,-0.10000000149011612,2
16:32:49,True,False,True,False,0.6000000238418579,0.0,-0.10000000149011612,2
16:32:49,True,False,True,False,0.6000000238418579,0.0,-0.10000000149011612,2
16:32:49,True,False,True,False,0.6000000238418579,0.0,0.0,2
16:32:49,True,False,True,False,0.6000000238418579,0.0,0.0,2
16:32:49,True,False,True,False,0.6000000238418579,0.0,0.0,2
16:32:49,True,False,True,False,0.6000000238418579,0.0,0.0,2
16:32:49,True,False,True,False,0.6000000238418579,0.0,0.0,2
16:32:49,True,False,True,False,0.6000000238418579,0.0,0.0,2
16:32:50,True,False,True,False,0.6000000238418579,0.0,0.0,2
16:32:50,True,False,True,False,0.6000000238418579,0.0,0.0,2
16:32:50,True,False,True,False,0.6000000238418579,0.0,0.0,2
16:32:50,True,False,True,False,0.6000000238418579,0.0,0.0,2
16:32:50,True,False,True,False,0.6000000238418579,0.0,0.0,2
16:32:50,True,False,True,False,0.6000000238418579,0.0,0.0,2
16:32:50,True,False,True,False,0.6000000238418579,0.0,0.0,2
16:32:50,True,False,True,False,0.6000000238418579,0.0,0.0,2
16:32:50,True,False,True,False,0.6000000238418579,0.0,-0.10000000149011612,2
16:32:50,True,False,True,False,0.6000000238418579,0.0,-0.30000001192092896,2
16:32:50,True,False,True,False,0.6000000238418579,0.0,-0.30000001192092896,2
16:32:50,True,False,True,False,0.6000000238418579,0.0,-0.30000001192092896,2
16:32:50,True,False,True,False,0.6000000238418579,0.0,-0.30000001192092896,2
16:32:50,True,False,True,False,0.6000000238418579,0.0,-0.30000001192092896,2
16:32:50,True,False,True,False,0.6000000238418579,0.0,0.0,2
16:32:50,True,False,True,False,0.6000000238418579,0.0,-0.10000000149011612,2
16:32:50,True,False,True,False,0.6000000238418579,0.0,-0.10000000149011612,2
16:32:51,True,False,True,False,0.6000000238418579,0.0,-0.10000000149011612,2
16:32:51,True,False,True,False,0.6000000238418579,0.0,-0.10000000149011612,2
16:32:51,True,False,True,False,0.6000000238418579,0.0,0.0,2
16:32:51,True,False,True,False,0.6000000238418579,0.0,0.0,2
16:32:51,True,False,True,False,0.6000000238418579,0.0,0.0,2
16:32:51,True,False,True,False,0.6000000238418579,0.0,0.0,2
16:32:51,True,False,True,False,0.6000000238418579,0.0,0.0,2
16:32:51,True,False,True,False,0.6000000238418579,0.0,0.0,2
16:32:51,True,False,True,False,0.6000000238418579,0.0,0.0,2
16:32:51,True,False,True,False,0.6000000238418579,0.0,0.0,2
16:32:51,True,False,True,False,0.6000000238418579,0.0,0.0,2
16:32:51,True,False,True,False,0.6000000238418579,0.0,0.0,2
16:32:51,True,False,True,False,0.6000000238418579,0.0,0.0,2
16:32:51,True,False,True,False,0.6000000238418579,0.0,0.0,2
16:32:51,True,False,True,False,0.6000000238418579,0.0,0.10000000149011612,2
16:32:52,True,False,True,False,0.6000000238418579,0.0,0.10000000149011612,2
16:32:52,True,False,True,False,0.6000000238418579,0.0,0.10000000149011612,2
16:32:52,True,False,True,False,0.6000000238418579,0.0,0.10000000149011612,2
16:32:52,True,False,True,False,0.6000000238418579,0.0,0.10000000149011612,2
16:32:52,True,False,True,False,0.6000000238418579,0.0,0.10000000149011612,2
16:32:52,True,False,True,False,0.6000000238418579,0.0,0.0,2
16:32:52,True,False,True,False,0.6000000238418579,0.0,0.0,2
16:32:52,True,False,True,False,0.6000000238418579,0.0,0.0,2
16:32:52,True,False,True,False,0.6000000238418579,0.0,0.0,2
16:32:52,True,False,True,False,0.6000000238418579,0.0,0.0,2
16:32:52,True,False,True,False,0.6000000238418579,0.0,0.0,2
16:32:52,True,False,True,False,0.6000000238418579,0.0,0.0,2
16:32:52,True,False,True,False,0.6000000238418579,0.0,0.0,2
16:32:52,True,False,True,False,0.6000000238418579,0.0,0.0,2
16:32:53,True,False,True,False,0.6000000238418579,0.0,0.0,2
16:32:53,True,False,True,False,0.6000000238418579,0.0,0.0,2
16:32:53,True,False,True,False,0.6000000238418579,0.0,0.0,2
16:32:53,True,False,True,False,0.6000000238418579,0.0,0.0,2
16:32:53,True,False,True,False,0.6000000238418579,0.0,0.0,2
16:32:53,True,False,True,False,0.6000000238418579,0.0,0.0,2
16:32:53,True,False,True,False,0.6000000238418579,0.0,0.0,2
16:32:53,True,False,True,False,0.6000000238418579,0.0,0.0,2
16:32:53,True,False,True,False,0.6000000238418579,0.0,0.0,2
16:32:53,True,False,True,False,0.6000000238418579,0.0,0.0,2
16:32:53,True,False,True,False,0.6000000238418579,0.0,0.0,2
16:32:53,True,False,True,False,0.6000000238418579,0.0,0.0,2
16:32:53,True,False,True,False,0.6000000238418579,0.0,0.10000000149011612,2
16:32:53,True,False,True,False,0.6000000238418579,0.0,0.10000000149011612,2
16:32:53,True,False,True,False,0.6000000238418579,0.0,0.10000000149011612,2
16:32:54,True,False,True,False,0.6000000238418579,0.0,0.10000000149011612,2
16:32:54,True,False,True,False,0.6000000238418579,0.0,0.10000000149011612,2
16:32:54,True,False,True,False,0.6000000238418579,0.0,0.10000000149011612,2
16:32:54,True,False,True,False,0.6000000238418579,0.0,0.0,2
16:32:54,True,False,True,False,0.6000000238418579,0.0,0.0,2
16:32:54,True,False,True,False,0.6000000238418579,0.0,0.0,2
16:32:54,True,False,True,False,0.6000000238418579,0.0,0.0,2
16:32:54,True,False,True,False,0.6000000238418579,0.0,0.0,2
16:32:54,True,False,True,False,0.6000000238418579,0.0,0.0,2
16:32:54,True,False,True,False,0.6000000238418579,0.0,0.0,2
16:32:54,True,False,True,False,0.6000000238418579,0.0,0.0,2
16:32:54,True,False,True,False,0.6000000238418579,0.0,0.0,2
16:32:54,True,False,True,False,0.6000000238418579,0.0,0.0,2
16:32:54,True,False,True,False,0.6000000238418579,0.0,0.0,2
16:32:54,True,False,True,False,0.6000000238418579,0.0,0.0,2
16:32:54,True,False,True,False,0.6000000238418579,0.0,0.0,2
16:32:55,True,False,True,False,0.6000000238418579,0.0,0.0,2
16:32:55,True,False,True,False,0.6000000238418579,0.0,0.0,2
16:32:55,True,False,True,False,0.6000000238418579,0.0,0.0,2
16:32:55,True,False,True,False,0.6000000238418579,0.0,0.0,2
16:32:55,False,False,True,False,0.0,0.0,0.0,2
16:32:55,False,False,True,False,0.0,0.0,0.0,2
16:32:55,False,False,True,False,0.0,0.0,0.0,2
16:32:55,False,False,True,False,0.0,0.0,0.0,2
16:32:55,False,True,True,False,0.0,1.0,0.0,2
16:32:55,False,True,True,False,0.0,1.0,0.0,2
16:32:55,False,True,True,False,0.0,1.0,0.0,2
16:32:55,False,True,True,False,0.0,1.0,0.0,2
16:32:55,False,True,True,False,0.0,1.0,0.0,2
16:32:55,False,True,True,False,0.0,1.0,0.0,2
16:32:55,False,True,True,False,0.0,1.0,0.0,2
16:32:55,False,True,True,False,0.0,1.0,0.0,2
16:32:56,False,True,True,False,0.0,1.0,0.0,2
16:32:56,False,True,True,False,0.0,1.0,0.0,2
16:32:56,False,True,True,False,0.0,1.0,0.0,2
16:32:56,False,True,True,False,0.0,1.0,0.0,2
16:32:56,False,True,True,False,0.0,1.0,0.0,2
16:32:56,False,True,True,False,0.0,1.0,0.0,2
16:32:56,False,True,True,False,0.0,1.0,0.0,2
16:32:56,False,True,True,False,0.0,1.0,0.0,2
16:32:56,False,True,True,False,0.0,1.0,0.0,2
16:32:56,False,True,True,False,0.0,1.0,0.0,2
16:32:56,False,True,True,False,0.0,1.0,0.0,2
16:32:56,False,True,True,False,0.0,1.0,0.0,2
16:32:56,False,True,True,False,0.0,1.0,0.0,2
16:32:56,False,True,True,False,0.0,1.0,0.0,2
16:32:56,False,True,True,False,0.0,1.0,0.0,2
16:32:57,False,True,True,False,0.0,1.0,0.0,2
16:32:57,False,True,True,False,0.0,1.0,0.0,2
16:32:57,False,True,True,False,0.0,1.0,0.0,2
16:32:57,False,True,True,False,0.0,1.0,0.0,2
16:32:57,False,True,True,False,0.0,1.0,0.0,2
16:32:57,False,True,True,False,0.0,1.0,0.0,2
16:32:57,False,True,True,False,0.0,1.0,0.0,2
16:32:57,False,True,True,False,0.0,1.0,0.0,2
16:32:57,False,True,True,False,0.0,1.0,0.0,2
16:32:57,False,True,True,False,0.0,1.0,0.0,2
16:32:57,False,True,True,False,0.0,1.0,0.0,2
16:32:57,False,True,True,False,0.0,1.0,0.0,2
16:32:57,False,True,True,False,0.0,1.0,0.0,2
16:32:57,False,True,True,False,0.0,1.0,0.0,2
16:32:57,False,True,True,False,0.0,1.0,0.0,2
16:32:57,False,True,True,False,0.0,1.0,0.0,2
16:32:58,False,True,True,False,0.0,1.0,0.0,2
16:32:58,False,True,True,False,0.0,1.0,0.0,2
16:32:58,False,True,True,False,0.0,1.0,0.0,2
16:32:58,False,False,True,False,0.0,0.0,0.0,2
16:32:58,False,False,True,False,0.0,0.0,0.0,2
16:32:58,False,False,True,False,0.0,0.0,0.0,2
16:32:58,False,False,True,False,0.0,0.0,0.0,2
16:32:58,False,False,True,False,0.0,0.0,0.0,2
16:32:58,False,False,True,False,0.0,0.0,0.0,2
16:32:58,False,False,True,False,0.0,0.0,0.0,2
16:32:58,False,False,True,False,0.0,0.0,0.0,2
16:32:58,False,False,True,False,0.0,0.0,0.0,2
16:32:58,False,False,True,False,0.0,0.0,0.0,2
16:32:58,False,False,True,False,0.0,0.0,0.0,2
16:32:58,False,False,True,False,0.0,0.0,0.0,2
16:32:58,False,False,True,False,0.0,0.0,0.0,2
16:32:58,False,False,True,False,0.0,0.0,0.0,2
16:32:58,False,False,True,False,0.0,0.0,0.0,2
16:32:58,False,False,True,False,0.0,0.0,0.0,2
16:32:58,False,False,True,False,0.0,0.0,0.0,2
16:32:59,False,False,True,True,0.0,0.0,0.0,1
16:32:59,False,False,True,True,0.0,0.0,0.0,1
16:32:59,False,False,True,True,0.0,0.0,0.0,1
16:32:59,False,False,True,True,0.0,0.0,0.0,1
16:32:59,False,False,True,True,0.0,0.0,0.0,1
16:32:59,False,False,True,True,0.0,0.0,0.0,1
16:32:59,False,False,True,True,0.0,0.0,0.0,1
16:32:59,False,False,True,True,0.0,0.0,0.0,1
16:32:59,False,False,True,True,0.0,0.0,0.0,1
16:32:59,False,False,True,True,0.0,0.0,0.0,1
16:32:59,False,False,True,True,0.0,0.0,0.0,1
16:32:59,False,False,True,True,0.0,0.0,0.0,1
16:32:59,False,False,True,True,0.0,0.0,0.0,1
16:32:59,False,False,True,True,0.0,0.0,0.0,1
16:32:59,False,False,True,True,0.0,0.0,0.0,1
16:32:59,False,False,True,True,0.0,0.0,0.0,1
16:32:59,False,False,True,True,0.0,0.0,0.0,1
16:32:59,False,False,True,True,0.0,0.0,0.0,1
16:32:59,False,False,True,True,0.0,0.0,0.0,1
16:32:59,False,False,True,True,0.0,0.0,0.0,1
16:32:59,False,False,True,True,0.0,0.0,0.0,1
16:33:00,False,False,True,True,0.0,0.0,0.0,1
16:33:00,False,False,True,True,0.0,0.0,0.0,1
16:33:00,False,False,True,True,0.0,0.0,0.0,0
16:33:00,False,False,True,True,0.0,0.0,0.0,0
16:33:00,False,False,True,True,0.0,0.0,0.0,0
16:33:00,False,False,True,True,0.0,0.0,0.0,0
16:33:00,False,False,True,True,0.0,0.0,0.0,0
16:33:00,False,False,True,True,0.0,0.0,0.0,0
16:33:00,False,False,True,True,0.0,0.0,0.0,0
16:33:00,False,False,True,True,0.0,0.0,0.0,0
16:33:00,False,False,True,True,0.0,0.0,0.0,0
16:33:00,False,False,True,True,0.0,0.0,0.0,0
16:33:00,False,False,True,True,0.0,0.0,0.0,0
16:33:00,False,False,True,True,0.0,0.0,0.0,0
16:33:00,False,False,True,True,0.0,0.0,0.0,0
16:33:00,False,False,True,True,0.0,0.0,0.0,0
16:33:00,False,False,True,True,0.0,0.0,0.0,0
16:33:00,False,False,True,True,0.0,0.0,0.0,0
16:33:00,False,False,True,True,0.0,0.0,0.0,0
16:33:00,False,False,True,True,0.0,0.0,0.0,0
16:33:01,False,False,True,True,0.0,0.0,0.0,0
16:33:01,False,False,True,True,0.0,0.0,0.0,0
16:33:01,False,False,True,True,0.0,0.0,0.0,-1
16:33:01,False,False,True,True,0.0,0.0,0.0,-1
16:33:01,False,False,True,True,0.0,0.0,0.0,-1
16:33:01,False,False,True,True,0.0,0.0,0.0,-1
16:33:01,False,False,True,True,0.0,0.0,0.0,-1
16:33:01,False,False,True,True,0.0,0.0,0.0,-1
16:33:01,False,False,True,True,0.0,0.0,0.0,-1
16:33:01,False,False,True,True,0.0,0.0,0.0,-1
16:33:01,False,False,True,True,0.0,0.0,0.0,-1
16:33:01,False,False,True,True,0.0,0.0,0.0,-1
16:33:01,False,False,True,True,0.0,0.0,0.0,-1
16:33:01,False,False,True,True,0.0,0.0,0.0,-1
16:33:01,False,False,True,True,0.0,0.0,0.0,-1
16:33:01,False,False,True,True,0.0,0.0,0.0,-1
16:33:01,False,False,True,True,0.0,0.0,0.0,-1
16:33:01,False,False,True,True,0.0,0.0,0.0,-1
16:33:01,False,False,True,True,0.0,0.0,0.0,-1
16:33:02,False,False,True,True,0.0,0.0,0.0,-1
16:33:02,False,False,True,True,0.0,0.0,0.0,-1
16:33:02,False,False,True,True,0.0,0.0,0.0,-1
16:33:02,False,False,True,True,0.0,0.0,0.0,-1
16:33:02,False,False,True,True,0.0,0.0,0.0,-1
16:33:02,False,False,True,True,0.0,0.0,0.0,-1
16:33:02,False,False,True,True,0.0,0.0,0.0,-1
16:33:02,False,False,True,True,0.0,0.0,0.0,-1
16:33:02,False,False,True,True,0.0,0.0,0.0,-1
16:33:02,False,False,True,True,0.0,0.0,0.0,-1
16:33:02,False,False,True,True,0.0,0.0,0.0,-1
16:33:02,True,False,True,True,0.6000000238418579,0.0,0.0,-1
16:33:02,True,False,True,True,0.6000000238418579,0.0,0.0,-1
16:33:02,True,False,True,True,0.6000000238418579,0.0,0.10000000149011612,-1
16:33:02,True,False,True,True,0.6000000238418579,0.0,0.10000000149011612,-1
16:33:02,True,False,True,True,0.6000000238418579,0.0,0.10000000149011612,-1
16:33:02,True,False,True,True,0.6000000238418579,0.0,0.10000000149011612,-1
16:33:02,True,False,True,True,0.6000000238418579,0.0,0.10000000149011612,-1
16:33:02,True,False,True,True,0.6000000238418579,0.0,0.10000000149011612,-1
16:33:03,True,False,True,True,0.6000000238418579,0.0,0.10000000149011612,-1
16:33:03,True,False,True,True,0.6000000238418579,0.0,0.10000000149011612,-1
16:33:03,True,False,True,True,0.6000000238418579,0.0,0.10000000149011612,-1
16:33:03,True,False,True,True,0.6000000238418579,0.0,0.10000000149011612,-1
16:33:03,True,False,True,True,0.6000000238418579,0.0,0.10000000149011612,-1
16:33:03,True,False,True,True,0.6000000238418579,0.0,0.10000000149011612,-1
16:33:03,True,False,True,True,0.6000000238418579,0.0,0.10000000149011612,-1
16:33:03,True,False,True,True,0.6000000238418579,0.0,0.10000000149011612,-1
16:33:03,True,False,True,True,0.6000000238418579,0.0,0.10000000149011612,-1
16:33:03,True,False,True,True,0.6000000238418579,0.0,0.10000000149011612,-1
16:33:03,True,False,True,True,0.6000000238418579,0.0,0.10000000149011612,-1
16:33:03,True,False,True,True,0.6000000238418579,0.0,0.10000000149011612,-1
16:33:03,True,False,True,True,0.6000000238418579,0.0,0.10000000149011612,-1
16:33:03,True,False,True,True,0.6000000238418579,0.0,0.10000000149011612,-1
16:33:03,False,False,True,True,0.0,0.0,0.10000000149011612,-1
16:33:03,False,False,True,True,0.0,0.0,0.10000000149011612,-1
16:33:04,False,False,True,True,0.0,0.0,0.10000000149011612,-1
16:33:04,False,False,True,True,0.0,0.0,0.0,-1
16:33:04,False,False,True,True,0.0,0.0,0.0,-1
16:33:04,False,False,True,True,0.0,0.0,0.0,-1
16:33:04,False,False,True,True,0.0,0.0,0.10000000149011612,-1
16:33:04,False,False,True,True,0.0,0.0,0.10000000149011612,-1
16:33:04,True,False,True,True,0.6000000238418579,0.0,0.10000000149011612,-1
16:33:04,True,False,True,True,0.6000000238418579,0.0,0.10000000149011612,-1
16:33:04,True,False,True,True,0.6000000238418579,0.0,0.10000000149011612,-1
16:33:04,True,False,True,True,0.6000000238418579,0.0,0.0,-1
16:33:04,True,False,True,True,0.6000000238418579,0.0,0.30000001192092896,-1
16:33:04,True,False,True,True,0.6000000238418579,0.0,0.30000001192092896,-1
16:33:04,True,False,True,True,0.6000000238418579,0.0,0.30000001192092896,-1
16:33:04,True,False,True,True,0.6000000238418579,0.0,0.30000001192092896,-1
16:33:05,True,False,True,True,0.6000000238418579,0.0,0.30000001192092896,-1
16:33:05,True,False,True,True,0.6000000238418579,0.0,0.30000001192092896,-1
16:33:05,True,False,True,True,0.6000000238418579,0.0,0.30000001192092896,-1
16:33:05,False,False,True,True,0.0,0.0,0.10000000149011612,-1
16:33:05,False,False,True,True,0.0,0.0,0.10000000149011612,-1
16:33:05,False,False,True,True,0.0,0.0,0.10000000149011612,-1
16:33:05,False,False,True,True,0.0,0.0,0.10000000149011612,-1
16:33:05,False,False,True,True,0.0,0.0,0.10000000149011612,-1
16:33:05,False,False,True,True,0.0,0.0,0.10000000149011612,-1
16:33:05,False,False,True,True,0.0,0.0,0.10000000149011612,-1
16:33:05,True,False,True,True,0.6000000238418579,0.0,0.30000001192092896,-1
16:33:05,True,False,True,True,0.6000000238418579,0.0,0.30000001192092896,-1
16:33:05,True,False,True,True,0.6000000238418579,0.0,0.30000001192092896,-1
16:33:05,True,False,True,True,0.6000000238418579,0.0,0.30000001192092896,-1
16:33:05,True,False,True,True,0.6000000238418579,0.0,0.30000001192092896,-1
16:33:06,True,False,True,True,0.6000000238418579,0.0,0.30000001192092896,-1
16:33:06,True,False,True,True,0.6000000238418579,0.0,0.30000001192092896,-1
16:33:06,False,False,True,True,0.0,0.0,0.30000001192092896,-1
16:33:06,False,False,True,True,0.0,0.0,0.30000001192092896,-1
16:33:06,False,False,True,True,0.0,0.0,0.10000000149011612,-1
16:33:06,False,False,True,True,0.0,0.0,0.10000000149011612,-1
16:33:06,False,False,True,True,0.0,0.0,0.10000000149011612,-1
16:33:06,False,False,True,True,0.0,0.0,0.10000000149011612,-1
16:33:06,False,False,True,True,0.0,0.0,0.0,-1
16:33:06,False,False,True,True,0.0,0.0,0.0,-1
16:33:06,False,False,True,True,0.0,0.0,0.0,-1
16:33:06,False,False,True,True,0.0,0.0,0.0,-1
16:33:06,False,False,True,True,0.0,0.0,0.0,-1
16:33:06,False,False,True,True,0.0,0.0,0.0,-1
16:33:06,False,False,True,True,0.0,0.0,0.0,-1
16:33:07,False,False,True,True,0.0,0.0,0.0,-1
16:33:07,False,False,True,True,0.0,0.0,0.0,-1
16:33:07,False,False,True,True,0.0,0.0,0.0,-1
16:33:07,False,False,True,True,0.0,0.0,0.0,-1
16:33:07,False,False,True,True,0.0,0.0,0.0,-1
16:33:07,False,False,True,True,0.0,0.0,0.0,-1
16:33:07,False,False,True,True,0.0,0.0,0.0,-1
16:33:07,False,False,True,True,0.0,0.0,0.0,-1
16:33:07,False,False,True,True,0.0,0.0,0.0,-1
16:33:07,False,False,True,True,0.0,0.0,0.0,-1
16:33:07,False,False,True,True,0.0,0.0,0.0,-1
16:33:07,False,True,True,True,0.0,1.0,0.0,-1
16:33:07,False,True,True,True,0.0,1.0,0.0,-1
16:33:07,False,True,True,True,0.0,1.0,0.0,-1
16:33:07,False,True,True,True,0.0,1.0,0.0,-1
16:33:08,False,True,True,True,0.0,1.0,0.0,-1
16:33:08,False,True,True,True,0.0,1.0,0.0,-1
16:33:08,False,True,True,True,0.0,1.0,0.0,-1
16:33:08,False,True,True,True,0.0,1.0,0.0,-1
16:33:08,False,True,True,True,0.0,1.0,0.0,-1
16:33:08,False,True,True,True,0.0,1.0,0.0,-1
16:33:08,False,True,True,True,0.0,1.0,0.0,-1
16:33:08,False,True,True,True,0.0,1.0,0.0,-1
16:33:08,False,True,True,True,0.0,1.0,0.0,-1
16:33:08,False,True,True,True,0.0,1.0,0.0,-1
16:33:08,False,True,True,True,0.0,1.0,0.0,-1
16:33:08,False,True,True,True,0.0,1.0,0.0,-1
16:33:08,False,True,True,True,0.0,1.0,0.0,-1
16:33:08,False,True,True,True,0.0,1.0,0.0,-1
16:33:09,False,True,True,True,0.0,1.0,0.0,-1
16:33:09,False,True,True,True,0.0,1.0,0.0,-1
16:33:09,False,True,True,True,0.0,1.0,0.0,-1
16:33:09,False,False,True,True,0.0,0.0,0.0,-1
16:33:09,False,False,True,True,0.0,0.0,0.0,-1
16:33:09,False,False,True,True,0.0,0.0,0.0,-1
16:33:09,False,False,True,True,0.0,0.0,0.0,-1
16:33:09,False,False,True,True,0.0,0.0,0.0,-1
16:33:09,False,False,True,True,0.0,0.0,0.0,-1
16:33:09,False,False,True,True,0.0,0.0,0.0,-1
16:33:09,False,False,True,True,0.0,0.0,0.0,-1
16:33:09,False,False,True,True,0.0,0.0,0.0,-1
16:33:09,False,False,True,True,0.0,0.0,0.0,-1
16:33:09,False,False,True,True,0.0,0.0,0.0,-1
16:33:10,False,False,True,True,0.0,0.0,0.0,-1
16:33:10,False,False,True,True,0.0,0.0,0.0,-1
16:33:10,False,False,True,True,0.0,0.0,0.0,0
16:33:10,False,False,True,True,0.0,0.0,0.0,0
16:33:10,False,False,True,True,0.0,0.0,0.0,0
16:33:10,False,True,True,True,0.0,1.0,0.0,0
16:33:10,False,True,True,True,0.0,1.0,0.0,0
16:33:10,False,True,True,True,0.0,1.0,0.0,0
16:33:10,False,True,True,True,0.0,1.0,0.0,0
16:33:10,False,False,True,True,0.0,0.0,0.0,0
16:33:10,False,False,True,True,0.0,0.0,0.0,0
16:33:10,False,False,True,True,0.0,0.0,0.0,0
16:33:10,False,False,True,True,0.0,0.0,0.0,0
16:33:11,False,False,True,True,0.0,0.0,0.0,0
16:33:11,False,False,True,True,0.0,0.0,0.0,0
16:33:11,False,False,True,True,0.0,0.0,0.0,0
16:33:11,False,False,True,True,0.0,0.0,0.0,0
16:33:11,False,False,True,True,0.0,0.0,0.0,0
16:33:11,False,False,True,True,0.0,0.0,0.0,0
16:33:11,False,False,True,True,0.0,0.0,0.0,0
16:33:11,False,False,True,True,0.0,0.0,0.0,1
16:33:11,False,False,True,True,0.0,0.0,0.0,1
16:33:11,False,True,True,True,0.0,1.0,0.0,1
16:33:11,False,True,True,True,0.0,1.0,0.0,1
16:33:11,False,True,True,True,0.0,1.0,0.0,1
16:33:11,False,True,True,True,0.0,1.0,0.0,1
16:33:11,False,False,True,True,0.0,0.0,0.0,1
16:33:11,False,False,True,True,0.0,0.0,0.0,1
16:33:11,False,False,True,True,0.0,0.0,0.0,1
16:33:11,False,False,True,True,0.0,0.0,0.0,1
16:33:12,False,False,True,True,0.0,0.0,0.0,1
16:33:12,False,False,True,True,0.0,0.0,0.0,1
16:33:12,False,False,True,True,0.0,0.0,0.0,1
16:33:12,False,False,True,True,0.0,0.0,0.0,1
16:33:12,False,False,True,True,0.0,0.0,0.0,1
16:33:12,False,False,True,True,0.0,0.0,0.0,1
16:33:12,False,False,True,True,0.0,0.0,0.0,1
16:33:12,False,False,True,True,0.0,0.0,0.0,1
16:33:12,False,False,True,True,0.0,0.0,0.0,1
16:33:12,False,False,True,True,0.0,0.0,0.0,1
16:33:12,False,False,True,True,0.0,0.0,0.0,1
16:33:12,False,False,True,True,0.0,0.0,0.0,1
16:33:12,False,False,True,True,0.0,0.0,0.0,1
16:33:12,False,False,True,True,0.0,0.0,0.0,1
16:33:12,False,False,True,True,0.0,0.0,0.0,1
16:33:12,False,False,True,True,0.0,0.0,0.0,1
16:33:13,False,False,True,True,0.0,0.0,0.0,1
16:33:13,False,False,True,True,0.0,0.0,0.0,1
16:33:13,False,False,True,True,0.0,0.0,0.0,1
16:33:13,False,False,True,True,0.0,0.0,0.0,1
16:33:13,False,False,True,True,0.0,0.0,0.0,1
16:33:13,False,False,True,True,0.0,0.0,0.0,1
16:33:13,False,False,True,True,0.0,0.0,0.0,1
16:33:13,False,False,True,True,0.0,0.0,0.0,1
16:33:13,False,False,True,True,0.0,0.0,0.0,1
16:33:13,False,False,True,True,0.0,0.0,0.0,1
16:33:13,True,False,True,True,0.6000000238418579,0.0,0.0,1
16:33:13,True,False,True,True,0.6000000238418579,0.0,0.0,1
16:33:13,True,False,True,True,0.6000000238418579,0.0,0.0,1
16:33:13,True,False,True,True,0.6000000238418579,0.0,0.0,1
16:33:13,True,False,True,True,0.6000000238418579,0.0,0.0,1
16:33:14,True,False,True,True,0.6000000238418579,0.0,0.0,1
16:33:14,True,False,True,True,0.6000000238418579,0.0,0.0,1
16:33:14,True,False,True,True,0.6000000238418579,0.0,0.0,1
16:33:14,True,False,True,True,0.6000000238418579,0.0,0.0,1
16:33:14,True,False,True,True,0.6000000238418579,0.0,0.0,1
16:33:14,True,False,True,True,0.6000000238418579,0.0,0.0,1
16:33:14,True,False,True,True,0.6000000238418579,0.0,0.0,1
16:33:14,True,False,True,True,0.6000000238418579,0.0,0.0,1
16:33:14,True,False,True,True,0.6000000238418579,0.0,0.0,1
16:33:14,True,False,True,True,0.6000000238418579,0.0,0.0,1
16:33:14,True,False,True,True,0.6000000238418579,0.0,0.0,1
16:33:14,True,False,True,True,0.6000000238418579,0.0,0.0,1
16:33:14,True,False,True,True,0.6000000238418579,0.0,0.0,1
16:33:14,True,False,True,True,0.6000000238418579,0.0,0.0,1
16:33:14,True,False,True,True,0.6000000238418579,0.0,0.0,1
16:33:15,True,False,True,True,0.6000000238418579,0.0,0.0,1
16:33:15,True,False,True,True,0.6000000238418579,0.0,0.0,1
16:33:15,True,False,True,True,0.6000000238418579,0.0,0.0,1
16:33:15,True,False,True,True,0.6000000238418579,0.0,0.0,1
16:33:15,True,False,True,True,0.6000000238418579,0.0,0.0,1
16:33:15,True,False,True,True,0.6000000238418579,0.0,0.0,1
16:33:15,True,False,True,True,0.6000000238418579,0.0,0.0,1
16:33:15,True,False,True,True,0.6000000238418579,0.0,0.0,1
16:33:15,True,False,True,True,0.6000000238418579,0.0,0.0,1
16:33:15,True,False,True,True,0.6000000238418579,0.0,0.0,1
16:33:15,True,False,True,True,0.6000000238418579,0.0,0.0,1
16:33:15,True,False,True,True,0.6000000238418579,0.0,0.0,1
16:33:15,True,False,True,True,0.6000000238418579,0.0,0.0,1
16:33:15,True,False,True,True,0.6000000238418579,0.0,0.0,1
16:33:16,True,False,True,True,0.6000000238418579,0.0,0.0,1
16:33:16,True,False,True,True,0.6000000238418579,0.0,0.0,1
16:33:16,True,False,True,True,0.6000000238418579,0.0,0.10000000149011612,1
16:33:16,True,False,True,True,0.6000000238418579,0.0,0.10000000149011612,1
16:33:16,True,False,True,True,0.6000000238418579,0.0,0.10000000149011612,1
16:33:16,True,False,True,True,0.6000000238418579,0.0,0.10000000149011612,1
16:33:16,True,False,True,True,0.6000000238418579,0.0,0.10000000149011612,1
16:33:16,True,False,True,True,0.6000000238418579,0.0,0.10000000149011612,1
16:33:16,True,False,True,True,0.6000000238418579,0.0,0.10000000149011612,1
16:33:16,True,False,True,True,0.6000000238418579,0.0,0.10000000149011612,1
16:33:16,True,False,True,True,0.6000000238418579,0.0,0.0,1
16:33:16,True,False,True,True,0.6000000238418579,0.0,0.0,1
16:33:16,True,False,True,True,0.6000000238418579,0.0,0.0,1
16:33:16,True,False,True,True,0.6000000238418579,0.0,0.0,1
16:33:17,True,False,True,True,0.6000000238418579,0.0,0.0,1
16:33:17,True,False,True,True,0.6000000238418579,0.0,0.0,1
16:33:17,True,False,True,True,0.6000000238418579,0.0,0.0,1
16:33:17,True,False,True,True,0.6000000238418579,0.0,0.0,1
16:33:17,True,False,True,True,0.6000000238418579,0.0,0.0,1
16:33:17,True,False,True,True,0.6000000238418579,0.0,0.0,1
16:33:17,True,False,True,True,0.6000000238418579,0.0,0.0,1
16:33:17,True,False,True,True,0.6000000238418579,0.0,0.0,1
16:33:17,True,False,True,True,0.6000000238418579,0.0,0.0,1
16:33:17,True,False,True,True,0.6000000238418579,0.0,0.0,1
16:33:17,True,False,True,True,0.6000000238418579,0.0,0.0,1
16:33:17,True,False,True,True,0.6000000238418579,0.0,0.0,1
16:33:17,True,False,True,True,0.6000000238418579,0.0,0.0,1
16:33:17,True,False,True,True,0.6000000238418579,0.0,0.0,1
16:33:18,True,False,True,True,0.6000000238418579,0.0,0.0,1
16:33:18,True,False,True,True,0.6000000238418579,0.0,0.0,1
16:33:18,True,False,True,True,0.6000000238418579,0.0,0.0,1
16:33:18,True,False,True,True,0.6000000238418579,0.0,0.0,1
16:33:18,True,False,True,True,0.6000000238418579,0.0,0.0,1
16:33:18,True,False,True,True,0.6000000238418579,0.0,0.0,1
16:33:18,True,False,True,True,0.6000000238418579,0.0,0.0,1
16:33:18,True,False,True,True,0.6000000238418579,0.0,0.0,1
16:33:18,True,False,True,True,0.6000000238418579,0.0,0.0,1
16:33:18,True,False,True,True,0.6000000238418579,0.0,0.0,1
16:33:18,True,False,True,True,0.6000000238418579,0.0,0.0,1
16:33:18,True,False,True,True,0.6000000238418579,0.0,0.0,1
16:33:18,True,False,True,True,0.6000000238418579,0.0,0.0,1
16:33:18,True,False,True,True,0.6000000238418579,0.0,0.0,1
16:33:18,True,False,True,True,0.6000000238418579,0.0,0.0,1
16:33:18,True,False,True,True,0.6000000238418579,0.0,0.0,1
16:33:19,True,False,True,True,0.6000000238418579,0.0,0.0,1
16:33:19,True,False,True,True,0.6000000238418579,0.0,0.0,1
16:33:19,True,False,True,True,0.6000000238418579,0.0,0.0,1
16:33:19,True,False,True,True,0.6000000238418579,0.0,0.0,1
16:33:19,True,False,True,True,0.6000000238418579,0.0,0.0,1
16:33:19,True,False,True,True,0.6000000238418579,0.0,0.0,1
16:33:19,True,False,True,True,0.6000000238418579,0.0,0.0,1
16:33:19,True,False,True,True,0.6000000238418579,0.0,0.0,1
16:33:19,True,False,True,True,0.6000000238418579,0.0,-0.10000000149011612,1
16:33:19,True,False,True,True,0.6000000238418579,0.0,-0.10000000149011612,1
16:33:19,True,False,True,True,0.6000000238418579,0.0,-0.10000000149011612,1
16:33:19,True,False,True,True,0.6000000238418579,0.0,-0.10000000149011612,1
16:33:19,True,False,True,True,0.6000000238418579,0.0,-0.10000000149011612,1
16:33:19,True,False,True,True,0.6000000238418579,0.0,-0.10000000149011612,1
16:33:20,True,False,True,True,0.6000000238418579,0.0,-0.10000000149011612,1
16:33:20,True,False,True,True,0.6000000238418579,0.0,-0.10000000149011612,1
16:33:20,True,False,True,True,0.6000000238418579,0.0,-0.10000000149011612,1
16:33:20,True,False,True,True,0.6000000238418579,0.0,-0.10000000149011612,1
16:33:20,True,False,True,True,0.6000000238418579,0.0,-0.10000000149011612,1
16:33:20,True,False,True,True,0.6000000238418579,0.0,-0.10000000149011612,1
16:33:20,True,False,True,True,0.6000000238418579,0.0,-0.10000000149011612,1
16:33:20,True,False,True,True,0.6000000238418579,0.0,-0.10000000149011612,1
16:33:20,True,False,True,True,0.6000000238418579,0.0,-0.10000000149011612,1
16:33:20,True,False,True,True,0.6000000238418579,0.0,-0.10000000149011612,1
16:33:20,True,False,True,True,0.6000000238418579,0.0,-0.10000000149011612,1
16:33:20,True,False,True,True,0.6000000238418579,0.0,-0.10000000149011612,1
16:33:20,True,False,True,True,0.6000000238418579,0.0,0.0,1
16:33:20,True,False,True,True,0.6000000238418579,0.0,0.0,1
16:33:21,True,False,True,True,0.6000000238418579,0.0,0.0,1
16:33:21,True,False,True,True,0.6000000238418579,0.0,0.0,1
16:33:21,True,False,True,True,0.6000000238418579,0.0,0.0,1
16:33:21,True,False,True,True,0.6000000238418579,0.0,0.0,1
16:33:21,True,False,True,True,0.6000000238418579,0.0,0.0,1
16:33:21,True,False,True,True,0.6000000238418579,0.0,0.0,1
16:33:21,True,False,True,True,0.6000000238418579,0.0,0.0,1
16:33:21,True,False,True,True,0.6000000238418579,0.0,0.0,1
16:33:21,True,False,True,True,0.6000000238418579,0.0,0.0,1
16:33:21,True,False,True,True,0.6000000238418579,0.0,-0.10000000149011612,1
16:33:21,True,False,True,True,0.6000000238418579,0.0,-0.10000000149011612,1
16:33:21,True,False,True,True,0.6000000238418579,0.0,-0.10000000149011612,1
16:33:21,True,False,True,True,0.6000000238418579,0.0,-0.10000000149011612,1
16:33:21,True,False,True,True,0.6000000238418579,0.0,-0.10000000149011612,1
16:33:22,True,False,True,True,0.6000000238418579,0.0,-0.10000000149011612,1
16:33:22,True,False,True,True,0.6000000238418579,0.0,0.0,1
16:33:22,True,False,True,True,0.6000000238418579,0.0,0.0,1
16:33:22,True,False,True,True,0.6000000238418579,0.0,-0.10000000149011612,1
16:33:22,True,False,True,True,0.6000000238418579,0.0,-0.10000000149011612,1
16:33:22,True,False,True,True,0.6000000238418579,0.0,-0.10000000149011612,1
16:33:22,True,False,True,True,0.6000000238418579,0.0,-0.10000000149011612,1
16:33:22,True,False,True,True,0.6000000238418579,0.0,-0.10000000149011612,1
16:33:22,True,False,True,True,0.6000000238418579,0.0,-0.10000000149011612,1
16:33:22,True,False,True,True,0.6000000238418579,0.0,0.0,1
16:33:22,True,False,True,True,0.6000000238418579,0.0,0.0,1
16:33:22,True,False,True,True,0.6000000238418579,0.0,0.0,1
16:33:22,True,False,True,True,0.6000000238418579,0.0,0.0,1
16:33:22,True,False,True,True,0.6000000238418579,0.0,0.0,1
16:33:23,True,False,True,True,0.6000000238418579,0.0,0.0,1
16:33:23,True,False,True,True,0.6000000238418579,0.0,-0.10000000149011612,1
16:33:23,True,False,True,True,0.6000000238418579,0.0,-0.10000000149011612,1
16:33:23,True,False,True,True,0.6000000238418579,0.0,-0.10000000149011612,1
16:33:23,True,False,True,True,0.6000000238418579,0.0,-0.10000000149011612,1
16:33:23,True,False,True,True,0.6000000238418579,0.0,-0.30000001192092896,1
16:33:23,True,False,True,True,0.6000000238418579,0.0,-0.30000001192092896,1
16:33:23,True,False,True,True,0.6000000238418579,0.0,-0.10000000149011612,1
16:33:23,True,False,True,True,0.6000000238418579,0.0,-0.10000000149011612,1
16:33:23,True,False,True,True,0.6000000238418579,0.0,-0.10000000149011612,1
16:33:23,True,False,True,True,0.6000000238418579,0.0,-0.10000000149011612,1
16:33:23,True,False,True,True,0.6000000238418579,0.0,-0.10000000149011612,1
16:33:23,True,False,True,True,0.6000000238418579,0.0,-0.10000000149011612,1
16:33:23,True,False,True,True,0.6000000238418579,0.0,-0.10000000149011612,1
16:33:24,True,False,True,True,0.6000000238418579,0.0,0.0,1
16:33:24,True,False,True,True,0.6000000238418579,0.0,0.0,1
16:33:24,True,False,True,True,0.6000000238418579,0.0,0.0,1
16:33:24,True,False,True,True,0.6000000238418579,0.0,0.0,1
16:33:24,True,False,True,True,0.6000000238418579,0.0,0.0,1
16:33:24,True,False,True,True,0.6000000238418579,0.0,0.0,1
16:33:24,True,False,True,True,0.6000000238418579,0.0,0.0,1
16:33:24,True,False,True,True,0.6000000238418579,0.0,0.0,1
16:33:24,True,False,True,True,0.6000000238418579,0.0,-0.10000000149011612,1
16:33:24,True,False,True,True,0.6000000238418579,0.0,-0.10000000149011612,1
16:33:24,True,False,True,True,0.6000000238418579,0.0,-0.10000000149011612,1
16:33:24,True,False,True,True,0.6000000238418579,0.0,-0.10000000149011612,1
16:33:24,True,False,True,True,0.6000000238418579,0.0,-0.10000000149011612,1
16:33:24,True,False,True,True,0.6000000238418579,0.0,-0.10000000149011612,1
16:33:25,True,False,True,True,0.6000000238418579,0.0,0.0,1
16:33:25,True,False,True,True,0.6000000238418579,0.0,0.0,1
16:33:25,True,False,True,True,0.6000000238418579,0.0,0.0,1
16:33:25,True,False,True,True,0.6000000238418579,0.0,0.0,1
16:33:25,True,False,True,True,0.6000000238418579,0.0,0.0,1
16:33:25,True,False,True,True,0.6000000238418579,0.0,0.0,1
16:33:25,True,False,True,True,0.6000000238418579,0.0,0.0,1
16:33:25,True,False,True,True,0.6000000238418579,0.0,0.0,1
16:33:25,True,False,True,True,0.6000000238418579,0.0,0.0,1
16:33:25,True,False,True,True,0.6000000238418579,0.0,0.0,1
16:33:25,True,False,True,True,0.6000000238418579,0.0,0.10000000149011612,1
16:33:25,True,False,True,True,0.6000000238418579,0.0,0.10000000149011612,1
16:33:25,True,False,True,True,0.6000000238418579,0.0,0.10000000149011612,1
16:33:25,True,False,True,True,0.6000000238418579,0.0,0.10000000149011612,1
16:33:25,True,False,True,True,0.6000000238418579,0.0,0.10000000149011612,1
16:33:26,True,False,True,True,0.6000000238418579,0.0,0.10000000149011612,1
16:33:26,True,False,True,True,0.6000000238418579,0.0,0.10000000149011612,1
16:33:26,True,False,True,True,0.6000000238418579,0.0,0.10000000149011612,1
16:33:26,True,False,True,True,0.6000000238418579,0.0,0.0,1
16:33:26,True,False,True,True,0.6000000238418579,0.0,0.0,1
16:33:26,True,False,True,True,0.6000000238418579,0.0,0.0,1
16:33:26,True,False,True,True,0.6000000238418579,0.0,0.0,1
16:33:26,True,False,True,True,0.6000000238418579,0.0,0.0,1
16:33:26,True,False,True,True,0.6000000238418579,0.0,0.0,2
16:33:26,True,False,True,True,0.6000000238418579,0.0,0.0,2
16:33:26,True,True,True,True,0.6000000238418579,1.0,0.0,2
16:33:26,True,True,True,True,0.6000000238418579,1.0,0.0,2
16:33:26,True,False,True,True,0.6000000238418579,0.0,0.0,2
16:33:26,True,False,True,True,0.6000000238418579,0.0,0.0,2
16:33:27,True,False,True,True,0.6000000238418579,0.0,0.0,2
16:33:27,True,False,True,True,0.6000000238418579,0.0,0.0,2
16:33:27,True,False,True,True,0.6000000238418579,0.0,0.0,2
16:33:27,True,False,True,True,0.6000000238418579,0.0,0.0,2
16:33:27,True,False,True,True,0.6000000238418579,0.0,0.0,2
16:33:27,True,False,True,True,0.6000000238418579,0.0,0.0,2
16:33:27,True,False,True,True,0.6000000238418579,0.0,0.0,2
16:33:27,True,False,True,True,0.6000000238418579,0.0,0.0,2
16:33:27,True,False,True,True,0.6000000238418579,0.0,0.0,2
16:33:27,True,False,True,True,0.6000000238418579,0.0,0.0,2
16:33:27,True,False,True,True,0.6000000238418579,0.0,0.0,2
16:33:27,True,False,True,True,0.6000000238418579,0.0,0.0,2
16:33:27,True,False,True,True,0.6000000238418579,0.0,0.0,2
16:33:27,True,False,True,True,0.6000000238418579,0.0,0.0,2
16:33:27,True,False,True,True,0.6000000238418579,0.0,0.0,2
16:33:28,True,False,True,True,0.6000000238418579,0.0,0.0,2
16:33:28,True,False,True,True,0.6000000238418579,0.0,0.0,2
16:33:28,True,False,True,True,0.6000000238418579,0.0,0.0,2
16:33:28,True,False,True,True,0.6000000238418579,0.0,0.0,2
16:33:28,True,False,True,True,0.6000000238418579,0.0,0.0,2
16:33:28,True,False,True,True,0.6000000238418579,0.0,0.0,2
16:33:28,True,False,True,True,0.6000000238418579,0.0,0.0,2
16:33:28,True,False,True,True,0.6000000238418579,0.0,0.0,2
16:33:28,True,False,True,True,0.6000000238418579,0.0,0.0,2
16:33:28,True,False,True,True,0.6000000238418579,0.0,-0.10000000149011612,2
16:33:28,True,False,True,True,0.6000000238418579,0.0,-0.10000000149011612,2
16:33:28,True,False,True,True,0.6000000238418579,0.0,-0.10000000149011612,2
16:33:28,True,False,True,True,0.6000000238418579,0.0,-0.10000000149011612,2
16:33:28,True,False,True,True,0.6000000238418579,0.0,-0.10000000149011612,2
16:33:29,True,False,True,True,0.6000000238418579,0.0,-0.10000000149011612,2
16:33:29,True,False,True,True,0.6000000238418579,0.0,-0.10000000149011612,2
16:33:29,True,False,True,True,0.6000000238418579,0.0,-0.10000000149011612,2
16:33:29,True,False,True,True,0.6000000238418579,0.0,-0.10000000149011612,2
16:33:29,True,False,True,True,0.6000000238418579,0.0,-0.10000000149011612,2
16:33:29,True,False,True,True,0.6000000238418579,0.0,-0.10000000149011612,2
16:33:29,True,False,True,True,0.6000000238418579,0.0,-0.30000001192092896,2
16:33:29,False,False,True,True,0.0,0.0,-0.30000001192092896,2
16:33:29,False,False,True,True,0.0,0.0,-0.30000001192092896,2
16:33:29,False,False,True,True,0.0,0.0,-0.10000000149011612,2
16:33:29,True,False,True,True,0.6000000238418579,0.0,-0.10000000149011612,2
16:33:29,False,False,True,True,0.0,0.0,-0.10000000149011612,2
16:33:29,False,False,True,True,0.0,0.0,-0.30000001192092896,2
16:33:29,False,False,True,True,0.0,0.0,-0.30000001192092896,2
16:33:30,False,False,True,True,0.0,0.0,-0.10000000149011612,2
16:33:30,False,False,True,True,0.0,0.0,-0.10000000149011612,2
16:33:30,False,False,True,True,0.0,0.0,0.0,2
16:33:30,False,False,True,True,0.0,0.0,0.0,2
16:33:30,False,False,True,True,0.0,0.0,0.0,2
16:33:30,False,True,True,True,0.0,1.0,0.0,2
16:33:30,False,True,True,True,0.0,1.0,0.0,2
16:33:30,False,True,True,True,0.0,1.0,0.0,2
16:33:30,False,True,True,True,0.0,1.0,0.0,2
16:33:30,False,True,True,True,0.0,1.0,0.0,2
16:33:30,False,True,True,True,0.0,1.0,0.0,2
16:33:30,False,True,True,True,0.0,1.0,0.0,2
16:33:30,False,True,True,True,0.0,1.0,0.0,2
16:33:30,False,True,True,True,0.0,1.0,0.0,2
16:33:30,False,True,True,True,0.0,1.0,0.0,2
16:33:31,False,True,True,True,0.0,1.0,0.0,2
16:33:31,False,True,True,True,0.0,1.0,0.0,2
16:33:31,False,True,True,True,0.0,1.0,0.0,2
16:33:31,False,True,True,True,0.0,1.0,0.0,2
16:33:31,False,True,True,True,0.0,1.0,0.0,2
16:33:31,False,True,True,True,0.0,1.0,0.0,2
16:33:31,False,True,True,True,0.0,1.0,0.0,2
16:33:31,False,True,True,True,0.0,1.0,0.0,2
16:33:31,False,True,True,True,0.0,1.0,-0.10000000149011612,2
16:33:31,False,True,True,True,0.0,1.0,-0.10000000149011612,2
16:33:31,False,True,True,True,0.0,1.0,-0.30000001192092896,2
16:33:31,False,True,True,True,0.0,1.0,-0.30000001192092896,2
16:33:31,False,True,True,True,0.0,1.0,-0.30000001192092896,2
16:33:31,False,True,True,True,0.0,1.0,-0.30000001192092896,2
16:33:31,False,False,True,True,0.0,0.0,-0.30000001192092896,2
16:33:32,False,False,True,True,0.0,0.0,-0.30000001192092896,2
16:33:32,False,False,True,True,0.0,0.0,-0.30000001192092896,2
16:33:32,False,False,True,True,0.0,0.0,-0.30000001192092896,2
16:33:32,True,False,True,True,0.6000000238418579,0.0,-0.30000001192092896,2
16:33:32,True,False,True,True,0.6000000238418579,0.0,-0.30000001192092896,2
16:33:32,True,False,True,True,0.6000000238418579,0.0,-0.30000001192092896,2
16:33:32,True,False,True,True,0.6000000238418579,0.0,-0.30000001192092896,2
16:33:32,True,False,True,True,0.6000000238418579,0.0,-0.30000001192092896,2
16:33:32,True,False,True,True,0.6000000238418579,0.0,-0.30000001192092896,2
16:33:32,True,False,True,True,0.6000000238418579,0.0,-0.30000001192092896,2
16:33:32,True,False,True,True,0.6000000238418579,0.0,-0.30000001192092896,2
16:33:32,True,False,True,True,0.6000000238418579,0.0,-0.30000001192092896,2
16:33:32,True,False,True,True,0.6000000238418579,0.0,-0.30000001192092896,2
16:33:32,True,False,True,True,0.6000000238418579,0.0,-0.30000001192092896,2
16:33:33,True,False,True,True,0.6000000238418579,0.0,-0.30000001192092896,2
16:33:33,True,False,True,True,0.6000000238418579,0.0,-0.30000001192092896,2
16:33:33,True,False,True,True,0.6000000238418579,0.0,-0.30000001192092896,2
16:33:33,True,False,True,True,0.6000000238418579,0.0,-0.30000001192092896,2
16:33:33,True,False,True,True,0.6000000238418579,0.0,-0.30000001192092896,2
16:33:33,True,False,True,True,0.6000000238418579,0.0,-0.30000001192092896,2
16:33:33,True,False,True,True,0.6000000238418579,0.0,-0.30000001192092896,2
16:33:33,True,False,True,True,0.6000000238418579,0.0,-0.30000001192092896,2
16:33:33,True,False,True,True,0.6000000238418579,0.0,-0.30000001192092896,2
16:33:33,True,False,True,True,0.6000000238418579,0.0,-0.30000001192092896,2
16:33:33,True,False,True,True,0.6000000238418579,0.0,-0.30000001192092896,2
16:33:33,True,False,True,True,0.6000000238418579,0.0,-0.30000001192092896,2
16:33:33,False,False,True,True,0.0,0.0,-0.30000001192092896,2
16:33:33,False,False,True,True,0.0,0.0,-0.30000001192092896,2
16:33:33,False,False,True,True,0.0,0.0,-0.30000001192092896,2
16:33:34,False,False,True,True,0.0,0.0,-0.30000001192092896,2
16:33:34,False,True,True,True,0.0,1.0,-0.30000001192092896,2
16:33:34,False,False,True,True,0.0,0.0,-0.30000001192092896,2
16:33:34,False,False,True,True,0.0,0.0,-0.30000001192092896,2
16:33:34,False,False,True,True,0.0,0.0,-0.30000001192092896,2
16:33:34,False,False,True,True,0.0,0.0,-0.30000001192092896,2
16:33:34,False,False,True,True,0.0,0.0,-0.30000001192092896,2
16:33:34,False,False,True,True,0.0,0.0,-0.30000001192092896,2
16:33:34,False,False,True,True,0.0,0.0,-0.30000001192092896,2
16:33:34,False,False,True,True,0.0,0.0,-0.30000001192092896,2
16:33:34,False,False,True,True,0.0,0.0,-0.30000001192092896,2
16:33:34,True,False,True,True,0.6000000238418579,0.0,-0.30000001192092896,2
16:33:34,True,False,True,True,0.6000000238418579,0.0,-0.30000001192092896,2
16:33:34,True,False,True,True,0.6000000238418579,0.0,-0.30000001192092896,2
16:33:35,True,False,True,True,0.6000000238418579,0.0,-0.30000001192092896,2
16:33:35,True,False,True,True,0.6000000238418579,0.0,-0.30000001192092896,2
16:33:35,False,False,True,True,0.0,0.0,-0.30000001192092896,2
16:33:35,False,False,True,True,0.0,0.0,-0.30000001192092896,2
16:33:35,False,False,True,True,0.0,0.0,-0.30000001192092896,2
16:33:35,False,False,True,True,0.0,0.0,-0.30000001192092896,2
16:33:35,False,True,True,True,0.0,1.0,-0.30000001192092896,2
16:33:35,False,True,True,True,0.0,1.0,-0.30000001192092896,2
16:33:35,False,True,True,True,0.0,1.0,-0.30000001192092896,2
16:33:35,False,True,True,True,0.0,1.0,-0.10000000149011612,2
16:33:35,False,True,True,True,0.0,1.0,0.0,2
16:33:35,False,False,True,True,0.0,0.0,0.0,2
16:33:35,False,False,True,True,0.0,0.0,0.0,2
16:33:35,True,False,True,True,0.6000000238418579,0.0,0.0,2
16:33:35,True,False,True,True,0.6000000238418579,0.0,0.0,2
16:33:36,True,False,True,True,0.6000000238418579,0.0,0.0,2
16:33:36,True,False,True,True,0.6000000238418579,0.0,0.0,2
16:33:36,True,False,True,True,0.6000000238418579,0.0,0.0,2
16:33:36,True,False,True,True,0.6000000238418579,0.0,0.0,2
16:33:36,True,False,True,True,0.6000000238418579,0.0,0.0,2
16:33:36,True,False,True,True,0.6000000238418579,0.0,0.0,2
16:33:36,True,False,True,True,0.6000000238418579,0.0,0.0,2
16:33:36,False,False,True,True,0.0,0.0,0.0,2
16:33:36,False,False,True,True,0.0,0.0,0.0,2
16:33:36,False,False,True,True,0.0,0.0,0.0,2
16:33:36,False,False,True,True,0.0,0.0,0.0,2
16:33:36,False,False,True,True,0.0,0.0,-0.10000000149011612,2
16:33:36,False,False,True,True,0.0,0.0,-0.10000000149011612,2
16:33:36,False,False,True,True,0.0,0.0,0.0,2
16:33:36,False,False,True,True,0.0,0.0,0.0,2
16:33:37,False,False,True,True,0.0,0.0,0.0,2
16:33:37,False,False,True,True,0.0,0.0,0.0,2
16:33:37,False,False,True,True,0.0,0.0,0.0,2
16:33:37,False,False,True,True,0.0,0.0,0.0,2
16:33:37,False,False,True,True,0.0,0.0,0.0,2
16:33:37,False,False,True,True,0.0,0.0,-0.10000000149011612,2
16:33:37,False,False,True,True,0.0,0.0,-0.30000001192092896,2
16:33:37,False,False,True,True,0.0,0.0,-0.30000001192092896,2
16:33:37,False,False,True,True,0.0,0.0,-0.30000001192092896,2
16:33:37,False,False,True,True,0.0,0.0,-0.30000001192092896,2
16:33:37,True,False,True,True,0.6000000238418579,0.0,-0.30000001192092896,2
16:33:37,True,False,True,True,0.6000000238418579,0.0,-0.30000001192092896,2
16:33:37,True,False,True,True,0.6000000238418579,0.0,-0.30000001192092896,2
16:33:37,True,False,True,True,0.6000000238418579,0.0,-0.30000001192092896,2
16:33:38,True,False,True,True,0.6000000238418579,0.0,-0.30000001192092896,2
16:33:38,True,False,True,True,0.6000000238418579,0.0,-0.30000001192092896,2
16:33:38,True,False,True,True,0.6000000238418579,0.0,-0.30000001192092896,2
16:33:38,True,False,True,True,0.6000000238418579,0.0,-0.30000001192092896,2
16:33:38,True,False,True,True,0.6000000238418579,0.0,-0.30000001192092896,2
16:33:38,True,False,True,True,0.6000000238418579,0.0,-0.30000001192092896,2
16:33:38,True,False,True,True,0.6000000238418579,0.0,-0.30000001192092896,2
16:33:38,False,False,True,True,0.0,0.0,-0.30000001192092896,2
16:33:38,False,False,True,True,0.0,0.0,-0.30000001192092896,2
16:33:38,False,False,True,True,0.0,0.0,-0.30000001192092896,2
16:33:38,False,False,True,True,0.0,0.0,-0.10000000149011612,2
16:33:38,False,False,True,True,0.0,0.0,-0.10000000149011612,2
16:33:38,False,False,True,True,0.0,0.0,0.0,2
16:33:38,False,False,True,True,0.0,0.0,0.0,2
16:33:38,True,False,True,True,0.6000000238418579,0.0,0.0,2
16:33:38,True,False,True,True,0.6000000238418579,0.0,0.0,2
16:33:39,True,False,True,True,0.6000000238418579,0.0,0.0,2
16:33:39,True,False,True,True,0.6000000238418579,0.0,0.0,2
16:33:39,True,False,True,True,0.6000000238418579,0.0,0.0,2
16:33:39,True,False,True,True,0.6000000238418579,0.0,0.0,2
16:33:39,True,False,True,True,0.6000000238418579,0.0,0.0,2
16:33:39,True,False,True,True,0.6000000238418579,0.0,0.0,2
16:33:39,True,False,True,True,0.6000000238418579,0.0,0.0,2
16:33:39,True,False,True,True,0.6000000238418579,0.0,0.0,2
16:33:39,True,False,True,True,0.6000000238418579,0.0,0.0,2
16:33:39,True,False,True,True,0.6000000238418579,0.0,0.0,2
16:33:39,True,False,True,True,0.6000000238418579,0.0,0.0,2
16:33:39,True,False,True,True,0.6000000238418579,0.0,0.0,2
16:33:39,True,False,True,True,0.6000000238418579,0.0,0.0,2
16:33:39,True,False,True,True,0.6000000238418579,0.0,0.0,2
16:33:39,True,False,True,True,0.6000000238418579,0.0,0.0,2
16:33:40,True,False,True,True,0.6000000238418579,0.0,0.0,2
16:33:40,True,False,True,True,0.6000000238418579,0.0,0.0,2
16:33:40,True,False,True,True,0.6000000238418579,0.0,0.0,2
16:33:40,True,False,True,True,0.6000000238418579,0.0,0.0,2
16:33:40,True,False,True,True,0.6000000238418579,0.0,0.0,2
16:33:40,True,False,True,True,0.6000000238418579,0.0,0.0,2
16:33:40,True,False,True,True,0.6000000238418579,0.0,0.0,2
16:33:40,True,False,True,True,0.6000000238418579,0.0,0.0,2
16:33:40,True,False,True,True,0.6000000238418579,0.0,0.0,2
16:33:40,True,False,True,True,0.6000000238418579,0.0,0.0,2
16:33:40,True,False,True,True,0.6000000238418579,0.0,0.0,2
16:33:40,True,False,True,True,0.6000000238418579,0.0,0.0,2
16:33:40,True,False,True,True,0.6000000238418579,0.0,0.0,2
16:33:40,True,False,True,True,0.6000000238418579,0.0,0.0,2
16:33:41,True,False,True,True,0.6000000238418579,0.0,0.0,2
16:33:41,True,False,True,True,0.6000000238418579,0.0,0.0,2
16:33:41,True,False,True,True,0.6000000238418579,0.0,0.0,2
16:33:41,True,False,True,True,0.6000000238418579,0.0,0.0,2
16:33:41,True,False,True,True,0.6000000238418579,0.0,0.0,2
16:33:41,True,False,True,True,0.6000000238418579,0.0,0.0,2
16:33:41,True,False,True,True,0.6000000238418579,0.0,0.0,2
16:33:41,True,False,True,True,0.6000000238418579,0.0,0.0,2
16:33:41,True,False,True,True,0.6000000238418579,0.0,0.0,2
16:33:41,True,False,True,True,0.6000000238418579,0.0,0.0,2
16:33:41,True,False,True,True,0.6000000238418579,0.0,0.0,2
16:33:41,True,False,True,True,0.6000000238418579,0.0,0.0,2
16:33:41,True,False,True,True,0.6000000238418579,0.0,0.0,2
16:33:41,True,False,True,True,0.6000000238418579,0.0,0.0,2
16:33:41,True,False,True,True,0.6000000238418579,0.0,0.0,2
16:33:42,True,False,True,True,0.6000000238418579,0.0,0.0,2
16:33:42,True,False,True,True,0.6000000238418579,0.0,0.0,2
16:33:42,True,False,True,True,0.6000000238418579,0.0,0.0,2
16:33:42,True,False,True,True,0.6000000238418579,0.0,0.0,2
16:33:42,True,False,True,True,0.6000000238418579,0.0,0.0,2
16:33:42,True,False,True,True,0.6000000238418579,0.0,0.0,2
16:33:42,True,False,True,True,0.6000000238418579,0.0,0.0,2
16:33:42,True,False,True,True,0.6000000238418579,0.0,0.0,2
16:33:42,True,False,True,True,0.6000000238418579,0.0,0.0,2
16:33:42,True,False,True,True,0.6000000238418579,0.0,0.0,2
16:33:42,True,False,True,True,0.6000000238418579,0.0,0.0,2
16:33:42,True,False,True,True,0.6000000238418579,0.0,0.0,2
16:33:42,True,False,True,True,0.6000000238418579,0.0,0.0,2
16:33:42,True,False,True,True,0.6000000238418579,0.0,0.0,2
16:33:43,True,False,True,True,0.6000000238418579,0.0,0.10000000149011612,2
16:33:43,True,False,True,True,0.6000000238418579,0.0,0.10000000149011612,2
16:33:43,True,False,True,True,0.6000000238418579,0.0,0.10000000149011612,2
16:33:43,True,False,True,True,0.6000000238418579,0.0,0.10000000149011612,2
16:33:43,True,False,True,True,0.6000000238418579,0.0,0.10000000149011612,2
16:33:43,True,False,True,True,0.6000000238418579,0.0,0.0,2
16:33:43,True,False,True,True,0.6000000238418579,0.0,0.0,2
16:33:43,True,False,True,True,0.6000000238418579,0.0,0.0,2
16:33:43,True,False,True,True,0.6000000238418579,0.0,0.0,2
16:33:43,True,False,True,True,0.6000000238418579,0.0,0.0,2
16:33:43,True,False,True,True,0.6000000238418579,0.0,0.0,2
16:33:43,True,False,True,True,0.6000000238418579,0.0,0.0,2
16:33:43,True,False,True,True,0.6000000238418579,0.0,0.0,2
16:33:43,True,False,True,True,0.6000000238418579,0.0,0.0,2
16:33:43,True,False,True,True,0.6000000238418579,0.0,0.0,2
16:33:44,True,False,True,True,0.6000000238418579,0.0,0.0,2
16:33:44,True,False,True,True,0.6000000238418579,0.0,0.0,2
16:33:44,True,False,True,True,0.6000000238418579,0.0,0.0,2
16:33:44,True,False,True,True,0.6000000238418579,0.0,0.0,2
16:33:44,True,False,True,True,0.6000000238418579,0.0,0.0,2
16:33:44,True,False,True,True,0.6000000238418579,0.0,0.0,2
16:33:44,True,False,True,True,0.6000000238418579,0.0,0.0,2
16:33:44,True,False,True,True,0.6000000238418579,0.0,0.0,2
16:33:44,True,False,True,True,0.6000000238418579,0.0,0.0,2
16:33:44,False,False,True,True,0.0,0.0,0.0,3
16:33:44,False,False,True,True,0.0,0.0,0.0,3
16:33:44,True,True,True,True,0.6000000238418579,1.0,0.0,3
16:33:44,True,True,True,True,0.6000000238418579,1.0,0.0,3
16:33:44,True,True,True,True,0.6000000238418579,1.0,0.0,3
16:33:44,True,False,True,True,0.6000000238418579,0.0,0.0,3
16:33:44,True,False,True,True,0.6000000238418579,0.0,0.0,3
16:33:45,True,False,True,True,0.6000000238418579,0.0,0.0,3
16:33:45,True,False,True,True,0.6000000238418579,0.0,0.0,3
16:33:45,True,False,True,True,0.6000000238418579,0.0,0.0,3
16:33:45,True,False,True,True,0.6000000238418579,0.0,0.0,3
16:33:45,True,False,True,True,0.6000000238418579,0.0,0.0,3
16:33:45,True,False,True,True,0.6000000238418579,0.0,0.0,3
16:33:45,True,False,True,True,0.6000000238418579,0.0,0.0,3
16:33:45,True,False,True,True,0.6000000238418579,0.0,0.0,3
16:33:45,True,False,True,True,0.6000000238418579,0.0,0.0,3
16:33:45,True,False,True,True,0.6000000238418579,0.0,0.0,3
16:33:45,True,False,True,True,0.6000000238418579,0.0,0.0,3
16:33:45,True,False,True,True,0.6000000238418579,0.0,0.0,3
16:33:45,True,False,True,True,0.6000000238418579,0.0,0.0,3
16:33:45,True,False,True,True,0.6000000238418579,0.0,0.0,3
16:33:45,True,False,True,True,0.6000000238418579,0.0,0.0,3
16:33:46,True,False,True,True,0.6000000238418579,0.0,0.0,4
16:33:46,True,False,True,True,0.6000000238418579,0.0,0.0,4
16:33:46,True,True,True,True,0.6000000238418579,1.0,0.0,4
16:33:46,True,True,True,True,0.6000000238418579,1.0,0.0,4
16:33:46,True,True,True,True,0.6000000238418579,1.0,0.0,4
16:33:46,True,True,True,True,0.6000000238418579,1.0,0.0,4
16:33:46,True,False,True,True,0.6000000238418579,0.0,0.0,4
16:33:46,True,False,True,True,0.6000000238418579,0.0,0.0,4
16:33:46,True,False,True,True,0.6000000238418579,0.0,0.0,4
16:33:46,True,False,True,True,0.6000000238418579,0.0,0.0,4
16:33:46,True,False,True,True,0.6000000238418579,0.0,0.0,4
16:33:46,True,False,True,True,0.6000000238418579,0.0,0.0,4
16:33:46,True,False,True,True,0.6000000238418579,0.0,0.0,4
16:33:46,True,False,True,True,0.6000000238418579,0.0,0.0,4
16:33:46,True,False,True,True,0.6000000238418579,0.0,0.0,4
16:33:47,True,False,True,True,0.6000000238418579,0.0,0.0,4
16:33:47,True,False,True,True,0.6000000238418579,0.0,0.0,4
16:33:47,True,False,True,True,0.6000000238418579,0.0,0.0,4
16:33:47,True,False,True,True,0.6000000238418579,0.0,0.0,4
16:33:47,True,False,True,True,0.6000000238418579,0.0,0.0,4
16:33:47,True,False,True,True,0.6000000238418579,0.0,0.0,4
16:33:47,True,False,True,True,0.6000000238418579,0.0,0.0,4
16:33:47,True,False,True,True,0.6000000238418579,0.0,0.0,4
16:33:47,True,False,True,True,0.6000000238418579,0.0,-0.10000000149011612,4
16:33:47,True,False,True,True,0.6000000238418579,0.0,-0.10000000149011612,4
16:33:47,True,False,True,True,0.6000000238418579,0.0,-0.10000000149011612,4
16:33:47,True,False,True,True,0.6000000238418579,0.0,-0.10000000149011612,4
16:33:47,True,False,True,True,0.6000000238418579,0.0,-0.10000000149011612,4
16:33:47,True,False,True,True,0.6000000238418579,0.0,-0.10000000149011612,4
16:33:47,True,False,True,True,0.6000000238418579,0.0,-0.10000000149011612,4
16:33:48,True,False,True,True,0.6000000238418579,0.0,0.0,4
16:33:48,True,False,True,True,0.6000000238418579,0.0,0.0,4
16:33:48,True,False,True,True,0.6000000238418579,0.0,0.0,4
16:33:48,True,False,True,True,0.6000000238418579,0.0,0.0,4
16:33:48,True,False,True,True,0.6000000238418579,0.0,0.0,4
16:33:48,True,False,True,True,0.6000000238418579,0.0,0.0,4
16:33:48,True,False,True,True,0.6000000238418579,0.0,0.0,4
16:33:48,True,False,True,True,0.6000000238418579,0.0,0.0,4
16:33:48,True,False,True,True,0.6000000238418579,0.0,0.0,4
16:33:48,True,False,True,True,0.6000000238418579,0.0,0.0,4
16:33:48,True,False,True,True,0.6000000238418579,0.0,0.0,4
16:33:48,True,False,True,True,0.6000000238418579,0.0,0.0,4
16:33:48,True,False,True,True,0.6000000238418579,0.0,0.10000000149011612,4
16:33:48,True,False,True,True,0.6000000238418579,0.0,0.10000000149011612,4
16:33:48,True,False,True,True,0.6000000238418579,0.0,0.10000000149011612,4
16:33:48,True,False,True,True,0.6000000238418579,0.0,0.10000000149011612,4
16:33:49,True,False,True,True,0.6000000238418579,0.0,0.10000000149011612,4
16:33:49,True,False,True,True,0.6000000238418579,0.0,0.10000000149011612,4
16:33:49,True,False,True,True,0.6000000238418579,0.0,0.0,4
16:33:49,True,False,True,True,0.6000000238418579,0.0,0.0,4
16:33:49,True,False,True,True,0.6000000238418579,0.0,0.0,4
16:33:49,True,False,True,True,0.6000000238418579,0.0,0.0,4
16:33:49,True,False,True,True,0.6000000238418579,0.0,0.0,4
16:33:49,True,False,True,True,0.6000000238418579,0.0,0.0,4
16:33:49,True,False,True,True,0.6000000238418579,0.0,0.0,4
16:33:49,True,False,True,True,0.6000000238418579,0.0,0.0,4
16:33:49,True,False,True,True,0.6000000238418579,0.0,0.0,4
16:33:49,True,False,True,True,0.6000000238418579,0.0,0.0,4
16:33:49,True,False,True,True,0.6000000238418579,0.0,0.0,4
16:33:49,True,False,True,True,0.6000000238418579,0.0,0.0,4
16:33:49,True,False,True,True,0.6000000238418579,0.0,0.0,4
16:33:49,True,False,True,True,0.6000000238418579,0.0,0.0,4
16:33:50,True,False,True,True,0.6000000238418579,0.0,0.0,4
16:33:50,True,False,True,True,0.6000000238418579,0.0,0.0,4
16:33:50,False,False,True,True,0.0,0.0,0.0,4
16:33:50,False,False,True,True,0.0,0.0,0.0,4
16:33:50,False,False,True,True,0.0,0.0,0.0,4
16:33:50,False,True,True,True,0.0,1.0,0.0,4
16:33:50,False,False,True,True,0.0,0.0,0.0,4
16:33:50,False,True,True,True,0.0,1.0,0.0,4
16:33:50,False,True,True,True,0.0,1.0,0.0,4
16:33:50,False,True,True,True,0.0,1.0,0.0,4
16:33:50,False,True,True,True,0.0,1.0,0.0,4
16:33:50,False,True,True,True,0.0,1.0,0.0,4
16:33:50,False,True,True,True,0.0,1.0,0.0,4
16:33:50,False,True,True,True,0.0,1.0,0.0,4
16:33:51,False,True,True,True,0.0,1.0,0.0,4
16:33:51,False,True,True,True,0.0,1.0,0.0,4
16:33:51,False,True,True,True,0.0,1.0,0.0,4
16:33:51,False,True,True,True,0.0,1.0,0.0,4
16:33:51,False,True,True,True,0.0,1.0,0.0,4
16:33:51,False,True,True,True,0.0,1.0,0.0,4
16:33:51,False,True,True,True,0.0,1.0,0.0,4
16:33:51,False,True,True,True,0.0,1.0,0.0,4
16:33:51,False,True,True,True,0.0,1.0,0.0,4
16:33:51,False,True,True,True,0.0,1.0,0.0,4
16:33:51,False,True,True,True,0.0,1.0,0.0,4
16:33:51,False,True,True,True,0.0,1.0,0.0,4
16:33:51,False,True,True,True,0.0,1.0,0.0,4
16:33:51,False,True,True,True,0.0,1.0,0.0,4
16:33:51,False,True,True,True,0.0,1.0,0.0,4
16:33:51,False,True,True,True,0.0,1.0,0.0,4
16:33:51,False,True,True,True,0.0,1.0,0.0,4
16:33:52,False,True,True,True,0.0,1.0,0.0,4
16:33:52,False,True,True,True,0.0,1.0,0.0,4
16:33:52,False,True,True,True,0.0,1.0,0.0,4
16:33:52,False,True,True,True,0.0,1.0,0.0,4
16:33:52,False,True,True,True,0.0,1.0,0.0,4
16:33:52,False,True,True,True,0.0,1.0,0.0,4
16:33:52,False,True,True,True,0.0,1.0,0.0,4
16:33:52,False,True,True,True,0.0,1.0,0.0,4
16:33:52,False,True,True,True,0.0,1.0,0.0,4
16:33:52,False,True,True,True,0.0,1.0,0.0,4
16:33:52,False,True,True,True,0.0,1.0,0.0,4
16:33:52,False,True,True,True,0.0,1.0,0.0,4
16:33:52,False,True,True,True,0.0,1.0,0.0,4
16:33:52,False,True,True,True,0.0,1.0,0.0,4
16:33:52,False,True,True,True,0.0,1.0,0.0,4
16:33:53,False,True,True,True,0.0,1.0,0.0,4
16:33:53,False,True,True,True,0.0,1.0,0.0,4
16:33:53,False,True,True,True,0.0,1.0,0.0,4
16:33:53,False,True,True,True,0.0,1.0,0.0,4
16:33:53,False,True,True,True,0.0,1.0,0.0,4
16:33:53,False,True,True,True,0.0,1.0,0.0,4
16:33:53,False,True,True,True,0.0,1.0,0.0,4
16:33:53,False,True,True,True,0.0,1.0,0.0,4
16:33:53,False,False,True,True,0.0,0.0,0.0,4
16:33:53,False,False,True,True,0.0,0.0,0.0,4
16:33:53,False,False,True,True,0.0,0.0,0.0,4
16:33:53,False,False,True,True,0.0,0.0,0.0,4
16:33:53,False,False,True,True,0.0,0.0,0.0,4
16:33:53,False,False,True,True,0.0,0.0,0.0,4
16:33:54,False,False,True,True,0.0,0.0,0.0,5
16:33:54,False,False,True,True,0.0,0.0,0.0,5
16:33:54,False,False,True,True,0.0,0.0,0.0,5
16:33:54,False,False,True,True,0.0,0.0,0.0,5
16:33:54,False,False,True,True,0.0,0.0,0.0,5
16:33:54,False,False,True,True,0.0,0.0,0.0,5
16:33:54,False,False,True,True,0.0,0.0,0.0,5
16:33:54,False,False,True,True,0.0,0.0,0.0,5
16:33:54,False,False,True,True,0.0,0.0,0.0,5
16:33:54,False,False,True,True,0.0,0.0,0.0,5
16:33:54,False,False,True,True,0.0,0.0,0.0,5
16:33:54,False,False,True,True,0.0,0.0,0.0,5
16:33:54,False,False,True,True,0.0,0.0,0.0,5
16:33:54,False,False,True,True,0.0,0.0,0.0,5
16:33:54,False,False,True,True,0.0,0.0,0.0,5
16:33:55,False,False,True,True,0.0,0.0,0.0,5
16:33:55,False,False,True,True,0.0,0.0,0.0,5
16:33:55,False,False,True,True,0.0,0.0,0.0,5
16:33:55,False,False,True,True,0.0,0.0,0.0,5
16:33:55,False,False,True,True,0.0,0.0,0.0,5
16:33:55,False,False,True,True,0.0,0.0,0.0,5
16:33:55,False,False,True,True,0.0,0.0,0.0,5
16:33:55,False,False,True,True,0.0,0.0,0.0,5
16:33:55,False,False,True,True,0.0,0.0,0.0,5
16:33:55,False,False,True,True,0.0,0.0,0.0,5
16:33:55,False,False,True,True,0.0,0.0,0.0,5
16:33:55,False,False,True,True,0.0,0.0,0.0,5
16:33:55,False,False,True,True,0.0,0.0,0.0,5
16:33:56,False,False,True,True,0.0,0.0,0.0,5
16:33:56,False,False,True,True,0.0,0.0,0.0,5
16:33:56,False,False,True,True,0.0,0.0,0.0,5
16:33:56,False,False,True,True,0.0,0.0,0.0,5
16:33:56,False,False,True,True,0.0,0.0,0.0,5
16:33:56,False,False,True,True,0.0,0.0,0.0,5
16:33:56,False,False,True,True,0.0,0.0,0.0,5
16:33:56,False,False,True,True,0.0,0.0,0.0,5
16:33:56,False,False,True,True,0.0,0.0,0.0,5
16:33:56,False,False,True,True,0.0,0.0,0.0,5
16:33:56,False,False,True,True,0.0,0.0,0.0,5
16:33:56,False,False,True,True,0.0,0.0,0.0,5
16:33:56,False,False,True,True,0.0,0.0,0.0,5
16:33:56,False,False,True,True,0.0,0.0,0.0,5
16:33:56,False,False,True,True,0.0,0.0,0.0,5
16:33:56,False,False,True,True,0.0,0.0,0.0,5
16:33:56,False,False,True,True,0.0,0.0,0.0,5
16:33:56,False,False,True,True,0.0,0.0,0.0,5
16:33:57,False,False,True,True,0.0,0.0,0.0,5
16:33:57,False,False,True,True,0.0,0.0,0.0,5
16:33:57,False,False,True,True,0.0,0.0,0.0,5
16:33:57,False,False,True,True,0.0,0.0,0.0,5
16:33:57,False,False,True,True,0.0,0.0,0.0,5
16:33:57,False,False,True,True,0.0,0.0,0.0,5
16:33:57,False,False,True,True,0.0,0.0,0.0,5
16:33:57,False,False,True,True,0.0,0.0,0.0,5
16:33:57,False,False,True,True,0.0,0.0,0.0,5
16:33:57,False,False,True,True,0.0,0.0,0.0,5
16:33:57,False,False,True,True,0.0,0.0,0.0,5
16:33:57,False,False,True,True,0.0,0.0,0.0,5
16:33:57,False,False,True,True,0.0,0.0,0.0,5
16:33:57,False,False,True,True,0.0,0.0,0.0,5
16:33:58,False,False,True,True,0.0,0.0,0.0,5
16:33:58,False,False,True,True,0.0,0.0,0.0,5
16:33:58,False,False,True,True,0.0,0.0,0.0,5
16:33:58,False,False,True,True,0.0,0.0,0.0,5
16:33:58,False,False,True,True,0.0,0.0,0.0,5
16:33:58,False,False,True,True,0.0,0.0,0.0,5
16:33:58,False,False,True,True,0.0,0.0,0.0,5
16:33:58,False,False,True,True,0.0,0.0,0.0,5
16:33:58,False,False,True,True,0.0,0.0,0.0,5
16:33:58,False,False,True,True,0.0,0.0,0.0,5
16:33:58,False,False,True,True,0.0,0.0,0.0,5
16:33:58,False,False,True,True,0.0,0.0,0.0,5
16:33:58,False,False,True,True,0.0,0.0,0.0,5
16:33:58,False,False,True,True,0.0,0.0,0.0,5
16:33:58,False,False,True,True,0.0,0.0,0.0,5
16:33:58,False,False,True,True,0.0,0.0,0.0,5
16:33:58,False,False,True,True,0.0,0.0,0.0,5
16:33:58,False,False,True,True,0.0,0.0,0.0,5
16:33:59,False,False,True,True,0.0,0.0,0.0,5
16:33:59,False,False,True,True,0.0,0.0,0.0,5
16:33:59,False,False,True,True,0.0,0.0,0.0,5
16:33:59,False,False,True,True,0.0,0.0,0.0,5
16:33:59,False,False,True,True,0.0,0.0,0.0,5
16:33:59,False,False,True,True,0.0,0.0,0.0,5
16:33:59,False,False,True,True,0.0,0.0,0.0,5
16:33:59,False,False,True,True,0.0,0.0,0.0,5
16:33:59,False,False,True,True,0.0,0.0,0.0,5
16:33:59,False,False,True,True,0.0,0.0,0.0,5
16:33:59,False,False,True,True,0.0,0.0,0.0,5
16:33:59,False,False,True,True,0.0,0.0,0.0,5
16:33:59,False,False,True,True,0.0,0.0,0.0,5
16:33:59,False,False,True,True,0.0,0.0,0.0,5
16:33:59,False,False,True,True,0.0,0.0,0.0,5
16:33:59,False,False,True,True,0.0,0.0,0.0,5
16:33:59,False,False,True,True,0.0,0.0,0.0,5
16:33:59,False,False,True,True,0.0,0.0,0.0,5
16:33:59,False,False,True,True,0.0,0.0,0.0,5
16:33:59,False,False,True,True,0.0,0.0,0.0,5
16:33:59,False,False,True,True,0.0,0.0,0.0,5
16:33:59,False,False,True,True,0.0,0.0,0.0,5
16:34:00,False,False,True,True,0.0,0.0,0.0,5
16:34:00,False,False,True,True,0.0,0.0,0.0,5
16:34:00,False,False,True,True,0.0,0.0,0.0,5
16:34:00,False,False,True,True,0.0,0.0,0.0,5
16:34:00,False,False,True,True,0.0,0.0,0.0,5
16:34:00,False,False,True,True,0.0,0.0,0.0,5
16:34:00,False,False,True,True,0.0,0.0,0.0,5
16:34:00,False,False,True,True,0.0,0.0,0.0,5
16:34:00,False,False,True,True,0.0,0.0,0.0,5
16:34:00,False,False,True,True,0.0,0.0,0.0,5
16:34:00,False,False,True,True,0.0,0.0,0.0,5
16:34:00,False,False,True,True,0.0,0.0,0.0,5
16:34:00,False,False,True,True,0.0,0.0,0.0,5
16:34:00,False,False,True,True,0.0,0.0,0.0,5
16:34:00,False,False,True,True,0.0,0.0,0.0,5
16:34:00,False,False,True,True,0.0,0.0,0.0,5
16:34:00,False,False,True,True,0.0,0.0,0.0,5
16:34:00,False,False,True,True,0.0,0.0,0.0,5
16:34:00,False,False,True,True,0.0,0.0,0.0,5
16:34:00,False,False,True,True,0.0,0.0,0.0,5
16:34:00,False,False,True,True,0.0,0.0,0.0,5
16:34:00,False,False,True,True,0.0,0.0,0.0,5
16:34:01,False,False,True,True,0.0,0.0,0.0,5
16:34:01,False,False,True,True,0.0,0.0,0.0,5
16:34:01,False,False,True,True,0.0,0.0,0.0,5
16:34:01,False,False,True,True,0.0,0.0,0.0,5
16:34:01,False,False,True,True,0.0,0.0,0.0,5
16:34:01,False,False,True,True,0.0,0.0,0.0,5
16:34:01,False,False,True,True,0.0,0.0,0.0,5
16:34:01,False,False,True,True,0.0,0.0,0.0,5
16:34:01,False,False,True,True,0.0,0.0,0.0,5
16:34:01,False,False,True,True,0.0,0.0,0.0,5
16:34:01,False,False,True,True,0.0,0.0,0.0,5
16:34:01,False,False,True,True,0.0,0.0,0.0,5
16:34:01,False,False,True,True,0.0,0.0,0.0,5
16:34:01,False,False,True,True,0.0,0.0,0.0,5
16:34:01,False,False,True,True,0.0,0.0,0.0,5
16:34:01,False,False,True,True,0.0,0.0,0.0,5
16:34:01,False,False,True,True,0.0,0.0,0.0,5
16:34:01,False,False,True,True,0.0,0.0,0.0,5
16:34:01,False,False,True,True,0.0,0.0,0.0,5
16:34:01,False,False,True,True,0.0,0.0,0.0,5
16:34:01,False,False,True,True,0.0,0.0,0.0,5
16:34:01,False,False,True,True,0.0,0.0,0.0,5
16:34:02,False,False,True,True,0.0,0.0,0.0,5
16:34:02,False,False,True,True,0.0,0.0,0.0,5
16:34:02,False,False,True,True,0.0,0.0,0.0,5
16:34:02,False,False,True,True,0.0,0.0,0.0,5
16:34:02,False,False,True,True,0.0,0.0,0.0,5
16:34:02,False,False,True,True,0.0,0.0,0.0,5
16:34:02,False,False,True,True,0.0,0.0,0.0,5
16:34:02,False,False,True,True,0.0,0.0,0.0,5
16:34:02,False,False,True,True,0.0,0.0,0.0,5
16:34:02,False,False,True,True,0.0,0.0,0.0,5
16:34:02,False,False,True,True,0.0,0.0,0.0,5
16:34:02,False,False,True,True,0.0,0.0,0.0,5
16:34:02,False,False,True,True,0.0,0.0,0.0,5
16:34:02,False,False,True,True,0.0,0.0,0.0,5
16:34:02,False,False,True,True,0.0,0.0,0.0,5
16:34:02,False,False,True,True,0.0,0.0,0.0,5
16:34:02,False,False,True,True,0.0,0.0,0.0,5
16:34:02,False,False,True,True,0.0,0.0,0.0,5
16:34:02,False,False,True,True,0.0,0.0,0.0,5
16:34:02,False,False,True,True,0.0,0.0,0.0,5
16:34:02,False,False,True,True,0.0,0.0,0.0,5
16:34:02,False,False,True,True,0.0,0.0,0.0,5
16:34:03,False,False,True,True,0.0,0.0,0.0,5
16:34:03,False,False,True,True,0.0,0.0,0.0,5
16:34:03,False,False,True,True,0.0,0.0,0.0,5
16:34:03,False,False,True,True,0.0,0.0,0.0,5
16:34:03,False,False,True,True,0.0,0.0,0.0,5
16:34:03,False,False,True,True,0.0,0.0,0.0,5
16:34:03,False,False,True,True,0.0,0.0,0.0,5
16:34:03,False,False,True,True,0.0,0.0,0.0,5
16:34:03,False,False,True,True,0.0,0.0,0.0,5
16:34:03,False,False,True,True,0.0,0.0,0.0,5
16:34:03,False,False,True,True,0.0,0.0,0.0,5
16:34:03,False,False,True,True,0.0,0.0,0.0,5
16:34:03,False,False,True,True,0.0,0.0,0.0,5
16:34:03,False,False,True,True,0.0,0.0,0.0,5
16:34:03,False,False,True,True,0.0,0.0,0.0,5
16:34:03,False,False,True,True,0.0,0.0,0.0,5
16:34:03,False,False,True,True,0.0,0.0,0.0,5
16:34:03,False,False,True,True,0.0,0.0,0.0,5
16:34:03,False,False,True,True,0.0,0.0,0.0,5
16:34:03,False,False,True,True,0.0,0.0,0.0,5
16:34:03,False,False,True,True,0.0,0.0,0.0,5
16:34:03,False,False,True,True,0.0,0.0,0.0,5
16:34:04,False,False,True,True,0.0,0.0,0.0,5
16:34:04,False,False,True,True,0.0,0.0,0.0,5
16:34:04,False,False,True,True,0.0,0.0,0.0,5
16:34:04,False,False,True,True,0.0,0.0,0.0,5
16:34:04,False,False,True,True,0.0,0.0,0.0,5
16:34:04,False,False,True,True,0.0,0.0,0.0,5
16:34:04,False,False,True,True,0.0,0.0,0.0,5
16:34:04,False,False,True,True,0.0,0.0,0.0,5
16:34:04,False,False,True,True,0.0,0.0,0.0,5
16:34:04,False,False,True,True,0.0,0.0,0.0,5
16:34:04,False,False,True,True,0.0,0.0,0.0,5
16:34:04,False,False,True,True,0.0,0.0,0.0,5
16:34:04,False,False,True,True,0.0,0.0,0.0,5
16:34:04,False,False,True,True,0.0,0.0,0.0,5
16:34:04,False,False,True,True,0.0,0.0,0.0,5
16:34:04,False,False,True,True,0.0,0.0,0.0,5
16:34:04,False,False,True,True,0.0,0.0,0.0,5
16:34:04,False,False,True,True,0.0,0.0,0.0,5
16:34:04,False,False,True,True,0.0,0.0,0.0,5
16:34:04,False,False,True,True,0.0,0.0,0.0,5
16:34:04,False,False,True,True,0.0,0.0,0.0,5
16:34:04,False,False,True,True,0.0,0.0,0.0,5
16:34:05,False,False,True,True,0.0,0.0,0.0,5
16:34:05,False,False,True,True,0.0,0.0,0.0,5
16:34:05,False,False,True,True,0.0,0.0,0.0,5
16:34:05,False,False,True,True,0.0,0.0,0.0,5
16:34:05,False,False,True,True,0.0,0.0,0.0,5
16:34:05,False,False,True,True,0.0,0.0,0.0,5
16:34:05,False,False,True,True,0.0,0.0,0.0,5
16:34:05,False,False,True,True,0.0,0.0,0.0,5
16:34:05,False,False,True,True,0.0,0.0,0.0,5
16:34:05,False,False,True,True,0.0,0.0,0.0,5
16:34:05,False,False,True,True,0.0,0.0,0.0,5
16:34:05,False,False,True,True,0.0,0.0,0.0,5
16:34:05,False,False,True,True,0.0,0.0,0.0,5
16:34:05,False,False,True,True,0.0,0.0,0.0,5
16:34:05,False,False,True,True,0.0,0.0,0.0,5
16:34:05,False,False,True,True,0.0,0.0,0.0,5
16:34:05,False,False,True,True,0.0,0.0,0.0,5
16:34:05,False,False,True,True,0.0,0.0,0.0,5
16:34:05,False,False,True,True,0.0,0.0,0.0,5
16:34:05,False,False,True,True,0.0,0.0,0.0,5
16:34:05,False,False,True,True,0.0,0.0,0.0,5
16:34:05,False,False,True,True,0.0,0.0,0.0,5
16:34:06,False,False,True,True,0.0,0.0,0.0,5
16:34:06,False,False,True,True,0.0,0.0,0.0,5
16:34:06,False,False,True,True,0.0,0.0,0.0,5
16:34:06,False,False,True,True,0.0,0.0,0.0,5
16:34:06,False,False,True,True,0.0,0.0,0.0,5
16:34:06,False,False,True,True,0.0,0.0,0.0,5
16:34:06,False,False,True,True,0.0,0.0,0.0,5
16:34:06,False,False,True,True,0.0,0.0,0.0,5
16:34:06,False,False,True,True,0.0,0.0,0.0,5
16:34:06,False,False,True,True,0.0,0.0,0.0,5
16:34:06,False,False,True,True,0.0,0.0,0.0,5
16:34:06,False,False,True,True,0.0,0.0,0.0,5
16:34:06,False,False,True,True,0.0,0.0,0.0,5
16:34:06,False,False,True,True,0.0,0.0,0.0,5
16:34:06,False,False,True,True,0.0,0.0,0.0,5
16:34:06,False,False,True,True,0.0,0.0,0.0,5
16:34:06,False,False,True,True,0.0,0.0,0.0,5
16:34:06,False,False,True,True,0.0,0.0,0.0,5
16:34:06,False,False,True,True,0.0,0.0,0.0,5
16:34:06,False,False,True,True,0.0,0.0,0.0,5
16:34:06,False,False,True,True,0.0,0.0,0.0,5
16:34:06,False,False,True,True,0.0,0.0,0.0,5
16:34:06,False,False,True,True,0.0,0.0,0.0,5
16:34:07,False,False,True,True,0.0,0.0,0.0,5
16:34:07,False,False,True,True,0.0,0.0,0.0,5
16:34:07,False,False,True,True,0.0,0.0,0.0,5
16:34:07,False,False,True,True,0.0,0.0,0.0,5
16:34:07,False,False,True,True,0.0,0.0,0.0,5
16:34:07,False,False,True,True,0.0,0.0,0.0,5
16:34:07,False,False,True,True,0.0,0.0,0.0,5
16:34:07,False,False,True,True,0.0,0.0,0.0,5
16:34:07,False,False,True,True,0.0,0.0,0.0,5
16:34:07,False,False,True,True,0.0,0.0,0.0,5
16:34:07,False,False,True,True,0.0,0.0,0.0,5
16:34:07,False,False,True,True,0.0,0.0,0.0,5
16:34:07,False,False,True,True,0.0,0.0,0.0,5
16:34:07,False,False,True,True,0.0,0.0,0.0,5
16:34:07,False,False,True,True,0.0,0.0,0.0,5
16:34:07,False,False,True,True,0.0,0.0,0.0,5
16:34:07,False,False,True,True,0.0,0.0,0.0,5
16:34:07,False,False,True,True,0.0,0.0,0.0,5
16:34:07,False,False,True,True,0.0,0.0,0.0,5
16:34:07,False,False,True,True,0.0,0.0,0.0,5
16:34:07,False,False,True,True,0.0,0.0,0.0,5
16:34:07,False,False,True,True,0.0,0.0,0.0,5
16:34:08,False,False,True,True,0.0,0.0,0.0,5
16:34:08,False,False,True,True,0.0,0.0,0.0,5
16:34:08,False,False,True,True,0.0,0.0,0.0,5
16:34:08,False,False,True,True,0.0,0.0,0.0,5
16:34:08,False,False,True,True,0.0,0.0,0.0,5
16:34:08,False,False,True,True,0.0,0.0,0.0,5
16:34:08,False,False,True,True,0.0,0.0,0.0,5
16:34:08,False,False,True,True,0.0,0.0,0.0,5
16:34:08,False,False,True,True,0.0,0.0,0.0,5
16:34:08,False,False,True,True,0.0,0.0,0.0,5
16:34:08,False,False,True,True,0.0,0.0,0.0,5
16:34:08,False,False,True,True,0.0,0.0,0.0,5
16:34:08,False,False,True,True,0.0,0.0,0.0,5
16:34:08,False,False,True,True,0.0,0.0,0.0,5
16:34:08,False,False,True,True,0.0,0.0,0.0,5
16:34:08,False,False,True,True,0.0,0.0,0.0,5
16:34:08,False,False,True,True,0.0,0.0,0.0,5
16:34:08,False,False,True,True,0.0,0.0,0.0,5
16:34:08,False,False,True,True,0.0,0.0,0.0,5
16:34:08,False,False,True,True,0.0,0.0,0.0,5
16:34:08,False,False,True,True,0.0,0.0,0.0,5
16:34:09,False,False,True,True,0.0,0.0,0.0,5
16:34:09,False,False,True,True,0.0,0.0,0.0,5
16:34:09,False,False,True,True,0.0,0.0,0.0,5
16:34:09,False,False,True,True,0.0,0.0,0.0,5
16:34:09,False,False,True,True,0.0,0.0,0.0,5
16:34:09,False,False,True,True,0.0,0.0,0.0,5
16:34:09,False,False,True,True,0.0,0.0,0.0,5
16:34:09,False,False,True,True,0.0,0.0,0.0,5
16:34:09,False,False,True,True,0.0,0.0,0.0,5
16:34:09,False,False,True,True,0.0,0.0,0.0,5
16:34:09,False,False,True,True,0.0,0.0,0.0,5
16:34:09,False,False,True,True,0.0,0.0,0.0,5
16:34:09,False,False,True,True,0.0,0.0,0.0,5
16:34:09,False,False,True,True,0.0,0.0,0.0,5
16:34:09,False,False,True,True,0.0,0.0,0.0,5
16:34:09,False,False,True,True,0.0,0.0,0.0,5
16:34:09,False,False,True,True,0.0,0.0,0.0,5
16:34:09,False,False,True,True,0.0,0.0,0.0,5
16:34:09,False,False,True,True,0.0,0.0,0.0,5
16:34:09,False,False,True,True,0.0,0.0,0.0,5
16:34:09,False,False,True,True,0.0,0.0,0.0,5
16:34:09,False,False,True,True,0.0,0.0,0.0,5
16:34:09,False,False,True,True,0.0,0.0,0.0,5
16:34:10,False,False,True,True,0.0,0.0,0.0,5
16:34:10,False,False,True,True,0.0,0.0,0.0,5
16:34:10,False,False,True,True,0.0,0.0,0.0,5
16:34:10,False,False,True,True,0.0,0.0,0.0,5
16:34:10,False,False,True,True,0.0,0.0,0.0,5
16:34:10,False,False,True,True,0.0,0.0,0.0,5
16:34:10,False,False,True,True,0.0,0.0,0.0,5
16:34:10,False,False,True,True,0.0,0.0,0.0,5
16:34:10,False,False,True,True,0.0,0.0,0.0,5
16:34:10,False,False,True,True,0.0,0.0,0.0,5
16:34:10,False,False,True,True,0.0,0.0,0.0,5
16:34:10,False,False,True,True,0.0,0.0,0.0,5
16:34:10,False,False,True,True,0.0,0.0,0.0,5
16:34:10,False,False,True,True,0.0,0.0,0.0,5
16:34:10,False,False,True,True,0.0,0.0,0.0,5
16:34:10,False,False,True,True,0.0,0.0,0.0,5
16:34:10,False,False,True,True,0.0,0.0,0.0,5
16:34:10,False,False,True,True,0.0,0.0,0.0,5
16:34:10,False,False,True,True,0.0,0.0,0.0,5
16:34:10,False,False,True,True,0.0,0.0,0.0,5
16:34:10,False,False,True,True,0.0,0.0,0.0,5
16:34:10,False,False,True,True,0.0,0.0,0.0,5
16:34:11,False,False,True,True,0.0,0.0,0.0,5
16:34:11,False,False,True,True,0.0,0.0,0.0,5
16:34:11,False,False,True,True,0.0,0.0,0.0,5
16:34:11,False,False,True,True,0.0,0.0,0.0,5
16:34:11,False,False,True,True,0.0,0.0,0.0,5
16:34:11,False,False,True,True,0.0,0.0,0.0,5
16:34:11,False,False,True,True,0.0,0.0,0.0,5
16:34:11,False,False,True,True,0.0,0.0,0.0,5
16:34:11,False,False,True,True,0.0,0.0,0.0,5
16:34:11,False,False,True,True,0.0,0.0,0.0,5
16:34:11,False,False,True,True,0.0,0.0,0.0,5
16:34:11,False,False,True,True,0.0,0.0,0.0,5
16:34:11,False,False,True,True,0.0,0.0,0.0,5
16:34:11,False,False,True,True,0.0,0.0,0.0,5
16:34:11,False,False,True,True,0.0,0.0,0.0,5
16:34:11,False,False,True,True,0.0,0.0,0.0,5
16:34:11,False,False,True,True,0.0,0.0,0.0,5
16:34:11,False,False,True,True,0.0,0.0,0.0,5
16:34:11,False,False,True,True,0.0,0.0,0.0,5
16:34:11,False,False,True,True,0.0,0.0,0.0,5
16:34:11,False,False,True,True,0.0,0.0,0.0,5
16:34:11,False,False,True,True,0.0,0.0,0.0,5
16:34:11,False,False,True,True,0.0,0.0,0.0,5
16:34:12,False,False,True,True,0.0,0.0,0.0,5
16:34:12,False,False,True,True,0.0,0.0,0.0,5
16:34:12,False,False,True,True,0.0,0.0,0.0,5
16:34:12,False,False,True,True,0.0,0.0,0.0,5
16:34:12,False,False,True,True,0.0,0.0,0.0,5
16:34:12,False,False,True,True,0.0,0.0,0.0,5
16:34:12,False,False,True,True,0.0,0.0,0.0,5
16:34:12,False,False,True,True,0.0,0.0,0.0,5
16:34:12,False,False,True,True,0.0,0.0,0.0,5
16:34:12,False,False,True,True,0.0,0.0,0.0,5
16:34:12,False,False,True,True,0.0,0.0,0.0,5
16:34:12,False,False,True,True,0.0,0.0,0.0,5
16:34:12,False,False,True,True,0.0,0.0,0.0,5
16:34:12,False,False,True,True,0.0,0.0,0.0,5
16:34:12,False,False,True,True,0.0,0.0,0.0,5
16:34:12,False,False,True,True,0.0,0.0,0.0,5
16:34:12,False,False,True,True,0.0,0.0,0.0,5
16:34:12,False,False,True,True,0.0,0.0,0.0,5
16:34:12,False,False,True,True,0.0,0.0,0.0,5
16:34:12,False,False,True,True,0.0,0.0,0.0,5
16:34:12,False,False,True,True,0.0,0.0,0.0,5
16:34:12,False,False,True,True,0.0,0.0,0.0,5
16:34:13,False,False,True,True,0.0,0.0,0.0,5
16:34:13,False,False,True,True,0.0,0.0,0.0,5
16:34:13,False,False,True,True,0.0,0.0,0.0,5
16:34:13,False,False,True,True,0.0,0.0,0.0,5
16:34:13,False,False,True,True,0.0,0.0,0.0,5
16:34:13,False,False,True,True,0.0,0.0,0.0,5
16:34:13,False,False,True,True,0.0,0.0,0.0,5
16:34:13,False,False,True,True,0.0,0.0,0.0,5
16:34:13,False,False,True,True,0.0,0.0,0.0,5
16:34:13,False,False,True,True,0.0,0.0,0.0,5
16:34:13,False,False,True,True,0.0,0.0,0.0,5
16:34:13,False,False,True,True,0.0,0.0,0.0,5
16:34:13,False,False,True,True,0.0,0.0,0.0,5
16:34:13,False,False,True,True,0.0,0.0,0.0,5
16:34:13,False,False,True,True,0.0,0.0,0.0,5
16:34:13,False,False,True,True,0.0,0.0,0.0,5
16:34:13,False,False,True,True,0.0,0.0,0.0,5
16:34:13,False,False,True,True,0.0,0.0,0.0,5
16:34:13,False,False,True,True,0.0,0.0,0.0,5
16:34:13,False,False,True,True,0.0,0.0,0.0,5
16:34:13,False,False,True,True,0.0,0.0,0.0,5
16:34:13,False,False,True,True,0.0,0.0,0.0,5
16:34:14,False,False,True,True,0.0,0.0,0.0,5
16:34:14,False,False,True,True,0.0,0.0,0.0,5
16:34:14,False,False,True,True,0.0,0.0,0.0,5
16:34:14,False,False,True,True,0.0,0.0,0.0,5
16:34:14,False,False,True,True,0.0,0.0,0.0,5
16:34:14,False,False,True,True,0.0,0.0,0.0,5
16:34:14,False,False,True,True,0.0,0.0,0.0,5
16:34:14,False,False,True,True,0.0,0.0,0.0,5
16:34:14,False,False,True,True,0.0,0.0,0.0,5
16:34:14,False,False,True,True,0.0,0.0,0.0,5
16:34:14,False,False,True,True,0.0,0.0,0.0,5
16:34:14,False,False,True,True,0.0,0.0,0.0,5
16:34:14,False,False,True,True,0.0,0.0,0.0,5
16:34:14,False,False,True,True,0.0,0.0,0.0,5
16:34:14,False,False,True,True,0.0,0.0,0.0,5
16:34:14,False,False,True,True,0.0,0.0,0.0,5
16:34:14,False,False,True,True,0.0,0.0,0.0,5
16:34:14,False,False,True,True,0.0,0.0,0.0,5
16:34:14,False,False,True,True,0.0,0.0,0.0,5
